season_name,element_code,start_cost,end_cost,total_points,minutes,goals_scored,assists,clean_sheets,goals_conceded,own_goals,penalties_saved,penalties_missed,yellow_cards,red_cards,saves,bonus,bps,influence,creativity,threat,ict_index,starts,expected_goals,expected_assists,expected_goal_involvements,expected_goals_conceded,id,first_name,second_name,unique_id,position,points_per_game,value_for_money,scaled_cost,scaled_points
2020/21,245824,7.0,6.9,13,305,1,0,1,2,0,0,0,2,0,0,0,38,52.6,26.9,142.0,22.0,0,0.0,0.0,0.0,0.0,258,Carlos Vinícius,Alves Morais,245824_2020/21,FWD,0.04262295081967213,1.8840579710144927,0.28155339805825247,0.04779411764705882
2022/23,245824,5.5,5.4,72,1098,5,2,1,20,0,0,0,3,0,0,10,206,244.0,118.6,374.0,73.1,11,3.04,0.72,3.76,24.8,258,Carlos Vinícius,Alves Morais,245824_2022/23,FWD,0.06557377049180328,13.333333333333332,0.13592233009708737,0.2647058823529412
2023/24,245824,5.0,4.5,22,306,2,0,0,5,0,0,0,2,0,0,2,77,83.6,61.3,139.0,28.2,2,1.59,0.11,1.7,4.5,258,Carlos Vinícius,Alves Morais,245824_2023/24,FWD,0.0718954248366013,4.888888888888889,0.04854368932038833,0.08088235294117647
2023/24,575034,4.5,4.5,3,13,0,0,0,0,0,0,0,0,0,0,0,6,2.0,0.0,0.0,0.2,0,0.0,0.0,0.0,0.32,648,Ethan,Wheatley,575034_2023/24,FWD,0.23076923076923078,0.6666666666666666,0.04854368932038833,0.011029411764705881
2021/22,216646,6.0,5.7,92,1268,7,2,3,22,0,0,0,0,0,0,6,277,348.0,133.1,402.0,87.6,0,0.0,0.0,0.0,0.0,110,Yoane,Wissa,216646_2021/22,FWD,0.07255520504731862,16.140350877192983,0.16504854368932037,0.3382352941176471
2022/23,216646,5.5,5.3,111,1587,7,4,7,17,0,0,0,3,0,0,6,292,366.2,185.3,424.0,96.8,16,5.65,1.08,6.73,21.64,110,Yoane,Wissa,216646_2022/23,FWD,0.06994328922495274,20.943396226415096,0.1262135922330097,0.40808823529411764
2023/24,216646,6.0,5.7,131,2488,12,4,11,40,0,0,0,7,0,0,15,457,592.8,384.0,769.0,173.2,29,10.54,1.82,12.36,37.55,110,Yoane,Wissa,216646_2023/24,FWD,0.05265273311897106,22.982456140350877,0.16504854368932037,0.48161764705882354
2023/24,574402,4.5,4.5,2,61,0,0,0,1,0,0,0,1,0,0,0,5,6.0,1.6,6.0,1.3,1,0.06,0.0,0.06,1.28,138,Mark,O’Mahony,574402_2023/24,FWD,0.03278688524590164,0.4444444444444444,0.04854368932038833,0.007352941176470588
2014/15,101668,5.0,4.6,120,2241,5,12,7,40,0,0,0,5,0,0,10,351,0.0,0.0,0.0,0.0,0,0.0,0.0,0.0,0.0,306,Jamie,Vardy,101668_2014/15,FWD,0.0535475234270415,26.086956521739133,0.058252427184465994,0.4411764705882353
2015/16,101668,6.0,7.4,211,3133,24,8,14,34,0,0,1,5,1,0,30,831,0.0,0.0,0.0,0.0,0,0.0,0.0,0.0,0.0,306,Jamie,Vardy,101668_2015/16,FWD,0.06734759016916693,28.513513513513512,0.3300970873786408,0.7757352941176471
2016/17,101668,10.0,9.9,161,2801,13,8,7,57,0,0,0,2,1,0,24,555,629.8,450.4,955.0,202.5,0,0.0,0.0,0.0,0.0,306,Jamie,Vardy,101668_2016/17,FWD,0.057479471617279544,16.262626262626263,0.5728155339805825,0.5919117647058824
2017/18,101668,8.5,8.8,183,3248,20,2,8,57,0,0,1,3,0,0,28,674,822.8,439.9,1222.0,248.6,0,0.0,0.0,0.0,0.0,306,Jamie,Vardy,101668_2017/18,FWD,0.056342364532019705,20.795454545454543,0.4660194174757282,0.6727941176470588
2018/19,101668,9.0,9.0,174,2726,18,5,11,36,0,0,1,3,1,0,31,598,822.0,419.9,1206.0,244.6,0,0.0,0.0,0.0,0.0,306,Jamie,Vardy,101668_2018/19,FWD,0.06382978723404255,19.333333333333332,0.48543689320388345,0.6397058823529411
2019/20,101668,9.0,9.7,210,3032,23,7,11,38,0,0,1,3,0,0,34,775,1026.0,418.4,1455.0,288.8,0,0.0,0.0,0.0,0.0,306,Jamie,Vardy,101668_2019/20,FWD,0.06926121372031663,21.649484536082475,0.5533980582524272,0.7720588235294118
2020/21,101668,10.0,10.2,187,2838,15,14,8,44,0,0,1,1,0,0,23,649,819.2,356.6,1306.0,248.3,0,0.0,0.0,0.0,0.0,306,Jamie,Vardy,101668_2020/21,FWD,0.06589147286821706,18.333333333333336,0.6019417475728155,0.6875
2021/22,101668,10.5,10.3,133,1801,15,3,4,27,1,0,0,2,0,0,24,480,599.8,229.5,775.0,159.6,0,0.0,0.0,0.0,0.0,306,Jamie,Vardy,101668_2021/22,FWD,0.07384786229872294,12.9126213592233,0.6116504854368932,0.4889705882352941
2022/23,101668,9.5,9.1,82,1841,3,5,4,38,0,0,1,1,0,0,4,206,289.0,173.8,453.0,91.0,19,6.74,0.7,7.44,34.77,306,Jamie,Vardy,101668_2022/23,FWD,0.044541010320478004,9.010989010989011,0.4951456310679611,0.3014705882352941
2020/21,490145,4.5,4.5,1,1,0,0,0,0,0,0,0,0,0,0,0,3,0.0,0.0,0.0,0.0,0,0.0,0.0,0.0,0.0,500,Dane,Scarlett,490145_2020/21,FWD,1.0,0.2222222222222222,0.04854368932038833,0.003676470588235294
2021/22,490145,4.5,4.5,1,3,0,0,0,0,0,0,0,0,0,0,0,4,1.0,0.0,0.0,0.1,0,0.0,0.0,0.0,0.0,500,Dane,Scarlett,490145_2021/22,FWD,0.3333333333333333,0.2222222222222222,0.04854368932038833,0.003676470588235294
2022/23,490145,4.5,4.5,0,0,0,0,0,0,0,0,0,0,0,0,0,0,0.0,0.0,0.0,0.0,0,0.0,0.0,0.0,0.0,500,Dane,Scarlett,490145_2022/23,FWD,,0.0,0.04854368932038833,0.0
2023/24,490145,4.5,4.5,4,19,0,0,0,0,0,0,0,0,0,0,0,10,2.0,0.4,6.0,0.8,0,0.0,0.0,0.0,0.02,500,Dane,Scarlett,490145_2023/24,FWD,0.21052631578947367,0.8888888888888888,0.04854368932038833,0.014705882352941176
2019/20,222625,4.5,4.5,2,9,0,0,0,1,0,0,0,0,0,0,0,3,3.2,0.6,25.0,2.6,0,0.0,0.0,0.0,0.0,272,George,Hirst,222625_2019/20,FWD,0.2222222222222222,0.4444444444444444,0.04854368932038833,0.007352941176470588
2019/20,475168,5.0,4.8,3,22,0,0,0,1,0,0,0,0,0,0,0,8,4.2,6.4,8.0,1.7,0,0.0,0.0,0.0,0.0,129,João Pedro,Junqueira de Jesus,475168_2019/20,FWD,0.13636363636363635,0.625,0.07766990291262132,0.011029411764705881
2021/22,475168,5.5,5.4,60,1634,3,1,2,35,0,0,0,1,0,0,4,207,332.6,291.2,610.0,123.7,0,0.0,0.0,0.0,0.0,129,João Pedro,Junqueira de Jesus,475168_2021/22,FWD,0.03671970624235006,11.11111111111111,0.13592233009708737,0.22058823529411764
2023/24,475168,5.5,5.2,104,2037,9,3,5,38,0,0,1,2,0,0,12,406,622.4,578.8,932.0,213.4,19,12.01,4.64,16.65,32.63,129,João Pedro,Junqueira de Jesus,475168_2023/24,FWD,0.051055473735886106,20.0,0.11650485436893204,0.38235294117647056
2023/24,589507,4.5,4.5,5,173,0,0,0,4,0,0,0,0,0,0,0,12,7.8,1.2,13.0,2.2,2,0.1,0.02,0.12,1.89,539,Leon,Chiwome,589507_2023/24,FWD,0.028901734104046242,1.1111111111111112,0.04854368932038833,0.01838235294117647
2021/22,245419,7.5,7.0,70,1152,5,3,3,20,0,0,0,2,0,0,8,216,287.8,166.2,460.0,90.9,0,0.0,0.0,0.0,0.0,289,Patson,Daka,245419_2021/22,FWD,0.06076388888888889,10.0,0.29126213592233013,0.25735294117647056
2022/23,245419,6.0,5.6,70,1169,4,4,5,24,0,0,0,2,0,0,3,231,295.2,223.6,440.0,95.1,13,3.55,1.69,5.24,20.81,289,Patson,Daka,245419_2022/23,FWD,0.059880239520958084,12.5,0.1553398058252427,0.25735294117647056
2016/17,94926,4.5,4.5,0,0,0,0,0,0,0,0,0,0,0,0,0,0,0.0,0.0,0.0,0.0,0,0.0,0.0,0.0,0.0,276,Freddie,Ladapo,94926_2016/17,FWD,,0.0,0.04854368932038833,0.0
2017/18,94926,4.5,4.5,1,16,0,0,0,1,0,0,0,0,0,0,0,3,0.4,1.1,0.0,0.2,0,0.0,0.0,0.0,0.0,276,Freddie,Ladapo,94926_2017/18,FWD,0.0625,0.2222222222222222,0.04854368932038833,0.003676470588235294
2022/23,147611,5.5,5.3,14,401,0,0,1,7,0,0,0,0,0,0,0,23,30.2,52.8,126.0,20.6,4,1.26,0.07,1.33,6.08,470,Paul,Onuachu,147611_2022/23,FWD,0.034912718204488775,2.6415094339622645,0.1262135922330097,0.051470588235294115
2022/23,447203,9.0,8.6,100,1684,9,5,7,22,0,0,0,1,1,0,8,310,458.2,336.9,1078.0,186.0,19,12.15,2.66,14.81,28.62,316,Darwin,Núñez Ribeiro,447203_2022/23,FWD,0.05938242280285035,11.627906976744187,0.4466019417475728,0.3676470588235294
2023/24,447203,7.5,7.5,132,2033,11,11,6,25,0,0,1,9,0,0,9,397,660.8,439.1,1223.0,232.4,22,16.23,4.37,20.6,25.33,316,Darwin,Núñez Ribeiro,447203_2023/24,FWD,0.06492867683226758,17.6,0.33980582524271846,0.4852941176470588
2012/13,57531,4.5,4.5,0,0,0,0,0,0,0,0,0,0,0,0,0,0,0.0,0.0,0.0,0.0,0,0.0,0.0,0.0,0.0,512,Michail,Antonio,57531_2012/13,FWD,,0.0,0.04854368932038833,0.0
2015/16,57531,6.0,5.3,126,2057,8,7,7,29,0,0,0,3,0,0,12,424,0.0,0.0,0.0,0.0,0,0.0,0.0,0.0,0.0,512,Michail,Antonio,57531_2015/16,FWD,0.06125425376762275,23.77358490566038,0.1262135922330097,0.4632352941176471
2016/17,57531,7.0,6.7,132,2433,9,8,7,43,0,0,0,4,1,0,8,410,622.4,503.1,1105.0,222.7,0,0.0,0.0,0.0,0.0,512,Michail,Antonio,57531_2016/17,FWD,0.05425400739827373,19.70149253731343,0.26213592233009714,0.4852941176470588
2017/18,57531,7.5,7.4,62,1350,3,2,7,23,0,0,0,1,0,0,1,188,296.6,256.3,393.0,94.6,0,0.0,0.0,0.0,0.0,512,Michail,Antonio,57531_2017/18,FWD,0.045925925925925926,8.378378378378377,0.3300970873786408,0.22794117647058823
2018/19,57531,7.0,6.8,118,2093,6,8,7,30,0,0,0,3,0,0,6,305,482.0,346.2,852.0,167.0,0,0.0,0.0,0.0,0.0,512,Michail,Antonio,57531_2018/19,FWD,0.05637840420449116,17.352941176470587,0.2718446601941747,0.4338235294117647
2019/20,57531,7.0,7.1,111,1767,10,4,3,30,0,0,0,3,0,0,8,284,552.8,377.4,1094.0,201.7,0,0.0,0.0,0.0,0.0,512,Michail,Antonio,57531_2019/20,FWD,0.06281833616298811,15.63380281690141,0.3009708737864077,0.40808823529411764
2020/21,57531,6.5,6.7,118,1972,10,5,6,25,0,0,0,3,0,0,19,345,517.8,349.1,1038.0,190.1,0,0.0,0.0,0.0,0.0,512,Michail,Antonio,57531_2020/21,FWD,0.059837728194726165,17.611940298507463,0.26213592233009714,0.4338235294117647
2021/22,57531,7.5,7.3,140,2975,10,10,7,43,0,0,1,6,1,0,14,441,649.2,615.6,1274.0,252.7,0,0.0,0.0,0.0,0.0,512,Michail,Antonio,57531_2021/22,FWD,0.047058823529411764,19.178082191780824,0.32038834951456313,0.5147058823529411
2022/23,57531,7.5,6.9,84,1822,5,3,5,29,0,0,0,2,0,0,4,222,305.8,209.0,579.0,109.1,21,6.69,0.58,7.27,29.47,512,Michail,Antonio,57531_2022/23,FWD,0.04610318331503842,12.17391304347826,0.28155339805825247,0.3088235294117647
2023/24,57531,6.0,5.7,78,1692,6,2,5,34,0,0,0,6,0,0,8,228,308.6,132.2,395.0,82.7,21,5.45,1.28,6.72,35.84,512,Michail,Antonio,57531_2023/24,FWD,0.04609929078014184,13.68421052631579,0.16504854368932037,0.2867647058823529
2022/23,476344,5.5,5.5,11,126,0,0,0,4,0,0,0,1,0,0,0,15,12.8,13.4,51.0,7.4,0,0.59,0.02,0.61,3.88,38,Jhon,Durán,476344_2022/23,FWD,0.0873015873015873,2.0,0.14563106796116504,0.04044117647058824
2023/24,476344,5.0,5.0,50,461,5,1,0,12,0,0,0,5,0,0,7,162,190.2,55.2,165.0,40.2,3,2.04,0.15,2.18,11.16,38,Jhon,Durán,476344_2023/24,FWD,0.10845986984815618,10.0,0.09708737864077671,0.1838235294117647
2017/18,205533,5.0,5.0,3,17,0,0,0,1,0,0,0,0,0,0,0,10,5.0,1.9,17.0,2.3,0,0.0,0.0,0.0,0.0,11,Eddie,Nketiah,205533_2017/18,FWD,0.17647058823529413,0.6,0.09708737864077671,0.011029411764705881
2018/19,205533,5.0,5.0,10,63,1,0,0,3,0,0,0,0,0,0,1,36,40.8,14.7,59.0,11.4,0,0.0,0.0,0.0,0.0,11,Eddie,Nketiah,205533_2018/19,FWD,0.15873015873015872,2.0,0.09708737864077671,0.03676470588235294
2019/20,205533,4.5,4.3,25,628,2,0,3,9,0,0,0,0,1,0,1,66,90.4,67.0,210.0,36.4,0,0.0,0.0,0.0,0.0,11,Eddie,Nketiah,205533_2019/20,FWD,0.03980891719745223,5.813953488372094,0.029126213592232997,0.09191176470588235
2020/21,205533,6.0,5.3,36,411,2,1,1,6,0,0,0,0,0,0,5,120,116.6,97.3,211.0,42.1,0,0.0,0.0,0.0,0.0,11,Eddie,Nketiah,205533_2020/21,FWD,0.08759124087591241,6.7924528301886795,0.1262135922330097,0.1323529411764706
2021/22,205533,5.5,5.7,55,823,5,1,0,18,0,0,0,3,0,0,6,194,249.2,165.2,408.0,82.1,0,0.0,0.0,0.0,0.0,11,Eddie,Nketiah,205533_2021/22,FWD,0.06682867557715674,9.649122807017543,0.16504854368932037,0.20220588235294118
2022/23,205533,7.0,6.3,63,1071,4,2,2,16,0,0,0,3,0,0,5,161,213.4,128.5,607.0,93.8,9,7.89,1.26,9.15,14.65,11,Eddie,Nketiah,205533_2022/23,FWD,0.058823529411764705,10.0,0.22330097087378636,0.23161764705882354
2023/24,205533,5.5,5.0,71,1065,5,4,6,10,0,0,0,3,0,0,5,206,235.0,136.3,417.0,77.2,10,4.65,0.53,5.18,10.21,11,Eddie,Nketiah,205533_2023/24,FWD,0.06666666666666667,14.2,0.09708737864077671,0.2610294117647059
2023/24,536908,5.5,5.4,11,45,1,0,0,2,0,0,0,1,0,0,0,40,35.2,0.9,29.0,6.5,0,0.42,0.0,0.42,1.88,507,Alejo,Véliz,536908_2023/24,FWD,0.24444444444444444,2.0370370370370368,0.13592233009708737,0.04044117647058824
2022/23,520295,5.0,5.0,3,68,0,0,0,1,0,0,0,0,0,0,0,8,15.2,34.6,30.0,8.0,1,0.57,0.04,0.61,1.72,164,David Datro,Fofana,520295_2022/23,FWD,0.04411764705882353,0.6,0.09708737864077671,0.011029411764705881
2023/24,520295,5.0,5.0,50,876,4,1,1,18,0,0,0,1,0,0,8,133,212.0,111.7,273.0,59.2,10,4.58,0.3,4.88,16.91,164,David Datro,Fofana,520295_2023/24,FWD,0.05707762557077625,10.0,0.09708737864077671,0.1838235294117647
2020/21,231747,6.0,5.3,15,215,1,0,0,4,0,0,0,0,0,0,2,45,46.6,16.2,80.0,14.0,0,0.0,0.0,0.0,0.0,207,Jean-Philippe,Mateta,231747_2020/21,FWD,0.06976744186046512,2.8301886792452833,0.1262135922330097,0.05514705882352941
2021/22,231747,5.5,5.3,61,1138,5,1,5,14,0,0,0,2,0,0,6,182,253.6,112.8,568.0,93.4,0,0.0,0.0,0.0,0.0,207,Jean-Philippe,Mateta,231747_2021/22,FWD,0.05360281195079086,11.50943396226415,0.1262135922330097,0.22426470588235295
2022/23,231747,5.5,5.1,41,748,2,0,3,10,0,0,0,3,0,0,3,96,119.8,71.4,247.0,42.5,6,3.44,0.16,3.6,13.49,207,Jean-Philippe,Mateta,231747_2022/23,FWD,0.05481283422459893,8.03921568627451,0.10679611650485432,0.15073529411764705
2023/24,231747,5.0,5.1,165,2274,16,7,8,44,0,0,0,3,0,0,22,563,775.0,404.0,741.0,191.9,25,10.84,1.3,12.14,40.46,207,Jean-Philippe,Mateta,231747_2023/24,FWD,0.07255936675461741,32.35294117647059,0.10679611650485432,0.6066176470588235
2022/23,219168,7.0,7.0,100,1520,10,2,4,20,0,0,0,3,0,0,18,353,483.4,246.1,724.0,145.2,17,8.11,1.37,9.48,18.67,401,Alexander,Isak,219168_2022/23,FWD,0.06578947368421052,14.285714285714286,0.29126213592233013,0.3676470588235294
2023/24,219168,7.5,8.4,172,2253,21,4,7,41,0,0,1,1,0,0,23,645,877.4,362.5,1054.0,229.3,27,20.22,2.68,22.9,43.41,401,Alexander,Isak,219168_2023/24,FWD,0.07634265423879272,20.476190476190474,0.42718446601941745,0.6323529411764706
2023/24,617054,4.5,4.5,2,11,0,0,0,1,0,0,0,0,0,0,0,5,0.0,0.1,4.0,0.4,0,0.47,0.0,0.47,1.68,165,Deivid Washington,de Souza Eugênio,617054_2023/24,FWD,0.18181818181818182,0.4444444444444444,0.04854368932038833,0.007352941176470588
2021/22,199670,6.5,6.0,87,1554,6,4,9,19,0,0,0,4,0,0,9,280,389.8,265.7,618.0,127.6,0,0.0,0.0,0.0,0.0,198,Odsonne,Edouard,199670_2021/22,FWD,0.055984555984555984,14.5,0.19417475728155337,0.31985294117647056
2022/23,199670,5.5,5.0,82,1788,5,2,5,25,0,0,0,3,0,0,5,225,351.6,238.7,552.0,113.2,20,4.14,0.8,4.94,24.19,198,Odsonne,Edouard,199670_2022/23,FWD,0.04586129753914989,16.4,0.09708737864077671,0.3014705882352941
2023/24,199670,5.5,5.3,79,1545,7,0,6,24,0,0,0,4,0,0,9,246,359.6,256.7,663.0,128.0,17,6.33,0.86,7.19,20.54,198,Odsonne,Edouard,199670_2023/24,FWD,0.0511326860841424,14.90566037735849,0.1262135922330097,0.29044117647058826
2020/21,219847,8.5,8.3,91,1512,4,6,8,15,0,0,0,2,0,0,3,268,325.0,307.7,514.0,114.2,0,0.0,0.0,0.0,0.0,4,Kai,Havertz,219847_2020/21,FWD,0.06018518518518518,10.963855421686747,0.4174757281553399,0.33455882352941174
2021/22,219847,8.5,7.9,112,1802,8,4,10,18,0,0,0,3,0,0,5,271,461.2,329.5,939.0,171.9,0,0.0,0.0,0.0,0.0,4,Kai,Havertz,219847_2021/22,FWD,0.06215316315205328,14.177215189873417,0.3786407766990291,0.4117647058823529
2022/23,219847,8.0,7.4,102,2565,7,1,9,31,0,0,0,5,0,0,13,301,476.4,536.6,1014.0,202.5,30,11.58,2.75,14.33,38.25,4,Kai,Havertz,219847_2022/23,FWD,0.03976608187134503,13.783783783783782,0.3300970873786408,0.375
2023/24,219847,7.5,7.6,180,2627,13,10,16,22,0,0,0,11,0,0,15,515,763.2,613.4,1027.0,240.2,30,12.36,3.88,16.23,21.03,4,Kai,Havertz,219847_2023/24,FWD,0.06851922344880092,23.68421052631579,0.34951456310679613,0.6617647058823529
2020/21,178301,6.0,6.3,168,3328,14,9,14,46,0,0,1,2,1,0,18,531,815.4,610.4,1721.0,314.0,0,0.0,0.0,0.0,0.0,58,Ollie,Watkins,178301_2020/21,FWD,0.05048076923076923,26.666666666666668,0.22330097087378636,0.6176470588235294
2021/22,178301,7.5,7.5,131,2950,11,3,10,48,0,0,0,7,0,0,17,441,613.8,469.6,1345.0,242.9,0,0.0,0.0,0.0,0.0,58,Ollie,Watkins,178301_2021/22,FWD,0.04440677966101695,17.466666666666665,0.33980582524271846,0.48161764705882354
2022/23,178301,7.5,7.3,175,3129,15,8,13,40,0,0,1,4,0,0,25,550,837.6,420.3,1308.0,256.7,36,16.15,2.66,18.81,46.65,58,Ollie,Watkins,178301_2022/23,FWD,0.05592841163310962,23.972602739726028,0.32038834951456313,0.6433823529411765
2023/24,178301,8.0,8.9,228,3222,19,18,7,56,0,0,0,4,0,0,29,752,1024.6,588.5,1420.0,302.8,37,16.74,4.02,20.76,55.05,58,Ollie,Watkins,178301_2023/24,FWD,0.07076350093109869,25.617977528089888,0.4757281553398059,0.8382352941176471
2023/24,168636,5.0,5.0,40,317,2,4,1,9,0,0,0,1,0,0,3,99,142.4,58.6,242.0,43.7,2,2.84,0.13,2.97,4.49,65,Enes,Ünal,168636_2023/24,FWD,0.12618296529968454,8.0,0.09708737864077671,0.14705882352941177
2019/20,115382,6.0,5.7,131,2763,10,3,8,36,0,0,1,3,0,0,21,361,518.6,369.2,1519.0,240.5,0,0.0,0.0,0.0,0.0,229,Neal,Maupay,115382_2019/20,FWD,0.04741223307998552,22.982456140350877,0.16504854368932037,0.48161764705882354
2020/21,115382,6.5,5.8,105,2508,8,2,10,34,0,0,1,1,1,0,12,334,442.2,443.2,1103.0,198.5,0,0.0,0.0,0.0,0.0,229,Neal,Maupay,115382_2020/21,FWD,0.041866028708133975,18.10344827586207,0.17475728155339804,0.3860294117647059
2021/22,115382,6.5,6.2,98,2269,8,3,7,31,0,0,1,7,0,0,11,295,370.4,366.0,721.0,143.5,0,0.0,0.0,0.0,0.0,229,Neal,Maupay,115382_2021/22,FWD,0.043190832966064345,15.806451612903226,0.2135922330097087,0.3602941176470588
2022/23,115382,6.5,5.6,41,1104,1,0,3,19,0,0,0,4,0,0,3,86,85.8,109.9,429.0,62.2,11,4.91,0.24,5.15,22.04,229,Neal,Maupay,115382_2022/23,FWD,0.03713768115942029,7.321428571428572,0.1553398058252427,0.15073529411764705
2023/24,115382,5.0,4.9,76,1417,6,3,4,37,0,0,0,8,0,0,6,248,325.8,242.5,568.0,112.6,14,6.89,1.99,8.88,26.36,229,Neal,Maupay,115382_2023/24,FWD,0.053634438955539876,15.510204081632653,0.08737864077669905,0.27941176470588236
2023/24,497894,7.0,7.1,112,2156,10,2,6,35,0,0,0,2,0,0,14,362,480.6,345.8,648.0,147.0,25,6.97,0.96,7.93,40.64,375,Rasmus,Højlund,497894_2023/24,FWD,0.05194805194805195,15.774647887323944,0.3009708737864077,0.4117647058823529
2011/12,66749,8.0,7.4,11,165,0,1,0,2,0,0,0,0,0,0,0,0,0.0,0.0,0.0,0.0,0,0.0,0.0,0.0,0.0,175,Romelu,Lukaku Bolingoli,66749_2011/12,FWD,0.06666666666666667,1.4864864864864864,0.3300970873786408,0.04044117647058824
2012/13,66749,6.5,6.6,159,2005,17,7,3,40,0,0,1,3,0,0,21,0,0.0,0.0,0.0,0.0,0,0.0,0.0,0.0,0.0,175,Romelu,Lukaku Bolingoli,66749_2012/13,FWD,0.07930174563591022,24.090909090909093,0.25242718446601936,0.5845588235294118
2013/14,66749,8.0,8.5,168,2598,15,9,11,30,0,0,0,1,0,0,21,184,0.0,0.0,0.0,0.0,0,0.0,0.0,0.0,0.0,175,Romelu,Lukaku Bolingoli,66749_2013/14,FWD,0.06466512702078522,19.764705882352942,0.4368932038834951,0.6176470588235294
2014/15,66749,9.0,8.7,135,2872,10,6,9,40,1,0,0,1,0,0,12,381,0.0,0.0,0.0,0.0,0,0.0,0.0,0.0,0.0,175,Romelu,Lukaku Bolingoli,66749_2014/15,FWD,0.04700557103064067,15.517241379310347,0.45631067961165045,0.4963235294117647
2015/16,66749,8.0,8.7,185,3170,18,7,9,52,0,0,1,3,0,0,25,621,0.0,0.0,0.0,0.0,0,0.0,0.0,0.0,0.0,175,Romelu,Lukaku Bolingoli,66749_2015/16,FWD,0.0583596214511041,21.264367816091955,0.45631067961165045,0.6801470588235294
2016/17,66749,9.0,10.1,221,3266,25,6,13,42,0,0,0,3,0,0,33,824,1171.6,701.4,1670.0,354.1,0,0.0,0.0,0.0,0.0,175,Romelu,Lukaku Bolingoli,66749_2016/17,FWD,0.06766687078995713,21.88118811881188,0.5922330097087378,0.8125
2017/18,66749,11.5,11.5,162,2866,16,7,14,26,0,0,1,4,0,0,18,593,831.0,572.4,1334.0,273.2,0,0.0,0.0,0.0,0.0,175,Romelu,Lukaku Bolingoli,66749_2017/18,FWD,0.056524773203070484,14.08695652173913,0.7281553398058251,0.5955882352941176
2018/19,66749,11.0,10.7,115,2126,12,1,4,38,0,0,0,4,0,0,14,361,550.6,330.2,1052.0,193.5,0,0.0,0.0,0.0,0.0,175,Romelu,Lukaku Bolingoli,66749_2018/19,FWD,0.05409219190968956,10.74766355140187,0.6504854368932038,0.4227941176470588
2019/20,66749,8.5,8.5,0,0,0,0,0,0,0,0,0,0,0,0,0,0,0.0,0.0,0.0,0.0,0,0.0,0.0,0.0,0.0,175,Romelu,Lukaku Bolingoli,66749_2019/20,FWD,,0.0,0.4368932038834951,0.0
2021/22,66749,11.5,11.4,87,1583,8,1,7,14,0,0,0,1,0,0,12,310,367.0,303.3,704.0,137.2,0,0.0,0.0,0.0,0.0,175,Romelu,Lukaku Bolingoli,66749_2021/22,FWD,0.054958938723941884,7.631578947368421,0.7184466019417475,0.31985294117647056
2023/24,66749,7.0,6.8,0,0,0,0,0,0,0,0,0,0,0,0,0,0,0.0,0.0,0.0,0.0,0,0.0,0.0,0.0,0.0,175,Romelu,Lukaku Bolingoli,66749_2023/24,FWD,,0.0,0.2718446601941747,0.0
2016/17,205651,9.0,9.1,67,651,7,4,3,5,0,0,0,2,0,0,12,258,335.8,165.9,436.0,92.9,0,0.0,0.0,0.0,0.0,2,Gabriel,Fernando de Jesus,205651_2016/17,FWD,0.10291858678955453,7.362637362637363,0.4951456310679611,0.2463235294117647
2017/18,205651,10.5,10.4,126,1660,13,7,9,12,0,0,2,6,0,0,18,473,603.6,360.3,1089.0,204.9,0,0.0,0.0,0.0,0.0,2,Gabriel,Fernando de Jesus,205651_2017/18,FWD,0.07590361445783132,12.115384615384615,0.6213592233009708,0.4632352941176471
2018/19,205651,10.5,9.9,79,1017,7,3,2,11,0,0,0,1,0,0,7,259,395.2,300.5,864.0,156.3,0,0.0,0.0,0.0,0.0,2,Gabriel,Fernando de Jesus,205651_2018/19,FWD,0.0776794493608653,7.979797979797979,0.5728155339805825,0.29044117647058826
2019/20,205651,9.5,9.9,146,2018,14,8,12,14,0,0,1,3,0,0,17,535,757.6,447.7,1620.0,282.1,0,0.0,0.0,0.0,0.0,2,Gabriel,Fernando de Jesus,205651_2019/20,FWD,0.07234886025768088,14.747474747474747,0.5728155339805825,0.5367647058823529
2020/21,205651,9.5,9.1,115,2056,9,5,11,17,0,0,0,2,0,0,16,453,501.0,467.5,931.0,190.0,0,0.0,0.0,0.0,0.0,2,Gabriel,Fernando de Jesus,205651_2020/21,FWD,0.055933852140077824,12.637362637362639,0.4951456310679611,0.4227941176470588
2021/22,205651,8.5,8.6,120,1871,8,8,11,15,0,0,0,1,0,0,16,488,567.4,530.9,1126.0,222.3,0,0.0,0.0,0.0,0.0,2,Gabriel,Fernando de Jesus,205651_2021/22,FWD,0.06413682522715125,13.953488372093023,0.4466019417475728,0.4411764705882353
2022/23,205651,8.0,8.1,125,2064,11,7,9,23,0,0,0,6,0,0,17,401,660.6,427.8,1331.0,241.9,24,14.24,2.91,17.15,23.15,2,Gabriel,Fernando de Jesus,205651_2022/23,FWD,0.060562015503875966,15.4320987654321,0.39805825242718446,0.45955882352941174
2023/24,205651,8.0,7.7,85,1470,4,7,11,11,0,0,0,6,0,0,10,271,364.8,403.0,756.0,152.7,17,6.27,3.26,9.53,11.67,2,Gabriel,Fernando de Jesus,205651_2023/24,FWD,0.05782312925170068,11.03896103896104,0.3592233009708738,0.3125
2008/09,50175,6.0,6.0,9,118,1,0,0,0,0,0,0,0,0,0,1,0,0.0,0.0,0.0,0.0,0,0.0,0.0,0.0,0.0,148,Danny,Welbeck,50175_2008/09,FWD,0.07627118644067797,1.5,0.19417475728155337,0.03308823529411765
2009/10,50175,6.0,5.9,6,141,0,0,0,3,0,0,0,0,0,0,0,0,0.0,0.0,0.0,0.0,0,0.0,0.0,0.0,0.0,148,Danny,Welbeck,50175_2009/10,FWD,0.0425531914893617,1.0169491525423728,0.1844660194174758,0.022058823529411763
2010/11,50175,5.5,4.4,79,1756,6,1,9,27,0,0,0,2,0,0,11,0,0.0,0.0,0.0,0.0,0,0.0,0.0,0.0,0.0,148,Danny,Welbeck,50175_2010/11,FWD,0.044988610478359906,17.954545454545453,0.03883495145631072,0.29044117647058826
2011/12,50175,7.0,6.3,112,2012,9,5,11,24,0,0,0,3,0,0,12,0,0.0,0.0,0.0,0.0,0,0.0,0.0,0.0,0.0,148,Danny,Welbeck,50175_2011/12,FWD,0.055666003976143144,17.77777777777778,0.22330097087378636,0.4117647058823529
2012/13,50175,8.5,7.8,57,1301,1,4,4,12,0,0,0,1,0,0,2,0,0.0,0.0,0.0,0.0,0,0.0,0.0,0.0,0.0,148,Danny,Welbeck,50175_2012/13,FWD,0.043812451960030745,7.3076923076923075,0.36893203883495146,0.20955882352941177
2013/14,50175,7.5,6.6,100,1462,9,4,4,22,0,0,0,2,0,0,16,124,0.0,0.0,0.0,0.0,0,0.0,0.0,0.0,0.0,148,Danny,Welbeck,50175_2013/14,FWD,0.06839945280437756,15.151515151515152,0.25242718446601936,0.3676470588235294
2014/15,50175,7.0,6.9,89,1709,4,7,6,19,0,0,0,3,0,0,10,328,0.0,0.0,0.0,0.0,0,0.0,0.0,0.0,0.0,148,Danny,Welbeck,50175_2014/15,FWD,0.052077238150965474,12.89855072463768,0.28155339805825247,0.3272058823529412
2015/16,50175,7.5,6.9,48,575,4,3,3,10,0,0,0,1,0,0,7,175,0.0,0.0,0.0,0.0,0,0.0,0.0,0.0,0.0,148,Danny,Welbeck,50175_2015/16,FWD,0.08347826086956522,6.956521739130435,0.28155339805825247,0.1764705882352941
2016/17,50175,7.5,7.3,37,748,2,2,3,11,0,0,0,0,0,0,0,117,144.8,89.9,321.0,55.5,0,0.0,0.0,0.0,0.0,148,Danny,Welbeck,50175_2016/17,FWD,0.04946524064171123,5.068493150684931,0.32038834951456313,0.13602941176470587
2017/18,50175,7.5,7.3,70,1178,5,2,4,21,0,0,0,1,0,0,6,249,309.8,212.8,435.0,96.0,0,0.0,0.0,0.0,0.0,148,Danny,Welbeck,50175_2017/18,FWD,0.059422750424448216,9.589041095890412,0.32038834951456313,0.25735294117647056
2018/19,50175,6.5,6.4,19,146,1,1,0,3,0,0,0,0,0,0,3,63,73.6,56.8,66.0,19.5,0,0.0,0.0,0.0,0.0,148,Danny,Welbeck,50175_2018/19,FWD,0.13013698630136986,2.96875,0.23300970873786414,0.06985294117647059
2019/20,50175,6.0,5.8,39,813,2,1,1,15,0,0,0,0,0,0,3,93,128.2,51.5,350.0,53.0,0,0.0,0.0,0.0,0.0,148,Danny,Welbeck,50175_2019/20,FWD,0.04797047970479705,6.724137931034483,0.17475728155339804,0.14338235294117646
2020/21,50175,5.5,5.5,89,1541,6,4,6,18,0,0,1,0,0,0,15,286,319.8,269.7,595.0,117.7,0,0.0,0.0,0.0,0.0,148,Danny,Welbeck,50175_2020/21,FWD,0.057754704737183644,16.181818181818183,0.14563106796116504,0.3272058823529412
2021/22,50175,6.0,6.0,89,1469,6,4,5,16,0,0,0,0,0,0,13,247,361.8,228.9,598.0,117.8,0,0.0,0.0,0.0,0.0,148,Danny,Welbeck,50175_2021/22,FWD,0.0605854322668482,14.833333333333334,0.19417475728155337,0.3272058823529412
2022/23,50175,6.5,6.5,91,1844,6,5,6,28,0,0,0,0,0,0,5,296,378.2,390.6,782.0,155.4,21,8.59,1.65,10.24,26.45,148,Danny,Welbeck,50175_2022/23,FWD,0.04934924078091106,14.0,0.2427184466019417,0.33455882352941174
2023/24,50175,6.0,5.7,79,1687,5,4,8,28,0,0,0,4,0,0,5,261,326.2,320.9,492.0,114.0,21,5.09,1.46,6.55,27.78,148,Danny,Welbeck,50175_2023/24,FWD,0.04682868998221695,13.859649122807017,0.16504854368932037,0.29044117647058826
2015/16,75115,5.5,5.3,46,771,5,0,1,15,0,0,0,0,0,0,5,161,0.0,0.0,0.0,0.0,0,0.0,0.0,0.0,0.0,421,Callum,Wilson,75115_2015/16,FWD,0.05966277561608301,8.679245283018869,0.1262135922330097,0.16911764705882354
2016/17,75115,6.5,6.0,63,1361,6,1,6,25,0,0,0,0,0,0,2,170,229.0,125.7,487.0,82.2,0,0.0,0.0,0.0,0.0,421,Callum,Wilson,75115_2016/17,FWD,0.046289493019838354,10.5,0.19417475728155337,0.23161764705882354
2017/18,75115,6.0,5.6,102,1981,8,2,6,33,0,0,0,0,0,0,13,282,392.2,288.4,799.0,147.5,0,0.0,0.0,0.0,0.0,421,Callum,Wilson,75115_2017/18,FWD,0.05148914689550732,18.214285714285715,0.1553398058252427,0.375
2018/19,75115,6.0,6.9,168,2528,14,12,9,47,0,0,1,3,0,0,22,525,737.8,388.4,1137.0,225.0,0,0.0,0.0,0.0,0.0,421,Callum,Wilson,75115_2018/19,FWD,0.06645569620253164,24.34782608695652,0.28155339805825247,0.6176470588235294
2019/20,75115,8.0,7.4,116,2906,8,6,4,53,0,0,0,9,0,0,8,321,397.4,391.1,848.0,162.6,0,0.0,0.0,0.0,0.0,421,Callum,Wilson,75115_2019/20,FWD,0.03991741225051618,15.675675675675675,0.3300970873786408,0.4264705882352941
2020/21,75115,6.5,6.5,134,2081,12,6,5,37,0,0,0,2,0,0,22,409,557.4,230.4,761.0,154.7,0,0.0,0.0,0.0,0.0,421,Callum,Wilson,75115_2020/21,FWD,0.06439211917347429,20.615384615384617,0.2427184466019417,0.4926470588235294
2021/22,75115,7.5,7.1,75,1386,8,0,3,32,0,0,0,4,0,0,14,220,319.8,127.3,494.0,92.4,0,0.0,0.0,0.0,0.0,421,Callum,Wilson,75115_2021/22,FWD,0.05411255411255411,10.563380281690142,0.3009708737864077,0.2757352941176471
2022/23,75115,7.5,7.3,157,1870,18,6,10,16,0,0,0,4,0,0,20,526,722.2,271.3,1022.0,200.9,21,16.43,2.11,18.54,21.93,421,Callum,Wilson,75115_2022/23,FWD,0.0839572192513369,21.506849315068493,0.32038834951456313,0.5772058823529411
2023/24,75115,8.0,7.8,69,981,9,1,6,15,0,0,0,3,0,0,4,246,366.2,110.3,563.0,103.2,9,8.96,0.54,9.5,13.12,421,Callum,Wilson,75115_2023/24,FWD,0.07033639143730887,8.846153846153847,0.36893203883495146,0.2536764705882353
2022/23,429414,5.5,5.3,1,45,0,0,0,0,0,0,0,0,0,0,0,-1,0.0,0.0,9.0,0.7,1,0.27,0.0,0.27,0.62,555,Saša,Kalajdžić,429414_2022/23,FWD,0.022222222222222223,0.18867924528301888,0.1262135922330097,0.003676470588235294
2023/24,429414,5.0,4.9,24,158,2,0,1,2,0,0,0,0,0,0,4,88,94.0,48.7,66.0,20.7,1,1.01,0.26,1.27,2.57,555,Saša,Kalajdžić,429414_2023/24,FWD,0.1518987341772152,4.897959183673469,0.08737864077669905,0.08823529411764705
2022/23,430871,5.5,5.3,39,961,2,0,5,12,0,0,0,1,0,0,6,122,143.0,95.1,217.0,45.1,12,1.72,0.17,1.89,16.76,541,Matheus,Santos Carneiro Da Cunha,430871_2022/23,FWD,0.04058272632674298,7.358490566037736,0.1262135922330097,0.14338235294117646
2023/24,430871,5.5,5.5,135,2438,12,7,6,46,0,0,0,9,0,0,15,520,786.0,409.8,872.0,206.4,29,9.49,2.97,12.46,48.51,541,Matheus,Santos Carneiro Da Cunha,430871_2023/24,FWD,0.055373256767842494,24.545454545454547,0.14563106796116504,0.4963235294117647
2020/21,440993,4.5,4.5,1,11,0,0,0,1,0,0,0,0,0,0,0,5,2.2,0.3,0.0,0.3,0,0.0,0.0,0.0,0.0,232,Iliman,Ndiaye,440993_2020/21,FWD,0.09090909090909091,0.2222222222222222,0.04854368932038833,0.003676470588235294
2023/24,440993,5.5,5.5,0,0,0,0,0,0,0,0,0,0,0,0,0,0,0.0,0.0,0.0,0.0,0,0.0,0.0,0.0,0.0,232,Iliman,Ndiaye,440993_2023/24,FWD,,0.0,0.14563106796116504,0.0
2022/23,461358,6.5,6.1,103,1448,9,3,5,16,0,0,0,0,0,0,14,393,434.2,286.5,569.0,129.0,13,6.79,1.63,8.42,17.14,352,Julián,Álvarez,461358_2022/23,FWD,0.07113259668508287,16.885245901639344,0.20388349514563103,0.3786764705882353
2023/24,461358,6.5,6.4,158,2644,11,11,12,24,0,0,0,2,0,0,17,662,737.0,1005.2,992.0,273.3,31,13.07,6.28,19.35,25.52,352,Julián,Álvarez,461358_2023/24,FWD,0.059757942511346446,24.6875,0.23300970873786414,0.5808823529411765
2023/24,486385,6.0,5.7,50,943,3,0,2,20,0,0,1,2,0,0,3,105,158.8,139.6,425.0,71.3,9,6.46,0.3,6.76,18.11,218,Norberto Bercique,Gomes Betuncal,486385_2023/24,FWD,0.053022269353128315,8.771929824561402,0.16504854368932037,0.1838235294117647
2020/21,523700,4.5,4.5,12,283,1,0,2,2,0,0,0,0,0,0,1,38,52.4,15.1,66.0,13.1,0,0.0,0.0,0.0,0.0,69,Daniel,Jebbison,523700_2020/21,FWD,0.04240282685512368,2.6666666666666665,0.04854368932038833,0.044117647058823525
2023/24,523700,5.0,4.8,1,20,0,0,0,0,0,0,0,0,0,0,0,3,0.0,0.1,4.0,0.4,0,0.0,0.0,0.0,0.94,69,Daniel,Jebbison,523700_2023/24,FWD,0.05,0.20833333333333334,0.07766990291262132,0.003676470588235294
2014/15,154566,5.0,5.0,0,0,0,0,0,0,0,0,0,0,0,0,0,0,0.0,0.0,0.0,0.0,0,0.0,0.0,0.0,0.0,82,Dominic,Solanke-Mitchell,154566_2014/15,FWD,,0.0,0.09708737864077671,0.0
2015/16,154566,5.0,5.0,0,0,0,0,0,0,0,0,0,0,0,0,0,0,0.0,0.0,0.0,0.0,0,0.0,0.0,0.0,0.0,82,Dominic,Solanke-Mitchell,154566_2015/16,FWD,,0.0,0.09708737864077671,0.0
2016/17,154566,5.0,5.0,0,0,0,0,0,0,0,0,0,0,0,0,0,0,0.0,0.0,0.0,0.0,0,0.0,0.0,0.0,0.0,82,Dominic,Solanke-Mitchell,154566_2016/17,FWD,,0.0,0.09708737864077671,0.0
2017/18,154566,5.0,4.6,38,581,1,2,3,4,0,0,0,0,0,0,2,107,123.8,199.4,350.0,66.4,0,0.0,0.0,0.0,0.0,82,Dominic,Solanke-Mitchell,154566_2017/18,FWD,0.06540447504302926,8.260869565217392,0.058252427184465994,0.13970588235294118
2018/19,154566,5.0,4.7,15,340,0,1,0,5,0,0,0,0,0,0,0,45,79.0,96.0,154.0,33.0,0,0.0,0.0,0.0,0.0,82,Dominic,Solanke-Mitchell,154566_2018/19,FWD,0.04411764705882353,3.1914893617021276,0.06796116504854371,0.05514705882352941
2019/20,154566,5.5,5.1,69,1637,3,2,1,39,0,0,0,1,0,0,3,177,223.2,202.5,569.0,99.4,0,0.0,0.0,0.0,0.0,82,Dominic,Solanke-Mitchell,154566_2019/20,FWD,0.042150274893097125,13.529411764705884,0.10679611650485432,0.2536764705882353
2022/23,154566,6.0,5.6,130,2865,6,10,8,52,0,0,0,2,0,0,14,339,528.8,282.1,1053.0,185.7,32,9.09,2.3,11.39,51.51,82,Dominic,Solanke-Mitchell,154566_2022/23,FWD,0.04537521815008726,23.214285714285715,0.1553398058252427,0.4779411764705882
2023/24,154566,6.5,6.9,175,3325,19,3,10,61,0,0,1,3,0,0,20,560,902.0,479.6,1348.0,272.7,37,19.64,2.11,21.75,56.58,82,Dominic,Solanke-Mitchell,154566_2023/24,FWD,0.05263157894736842,25.362318840579707,0.28155339805825247,0.6433823529411765
2022/23,223094,11.5,12.4,272,2767,36,9,13,26,0,0,0,5,0,0,40,1040,1390.0,371.0,1825.0,358.1,33,28.54,3.11,31.65,25.24,351,Erling,Haaland,223094_2022/23,FWD,0.0983014094687387,21.93548387096774,0.8155339805825241,1.0
2023/24,223094,14.0,14.3,217,2553,27,8,11,25,0,0,1,1,0,0,29,792,1094.6,367.2,1581.0,303.3,29,29.57,2.18,31.75,25.65,351,Erling,Haaland,223094_2023/24,FWD,0.08499804151978065,15.174825174825173,1.0,0.7977941176470588
2022/23,450434,5.5,5.0,52,614,5,2,2,9,1,0,0,2,0,0,4,173,196.4,124.0,372.0,69.1,6,4.89,1.25,6.14,9.03,143,Deniz,Undav,450434_2022/23,FWD,0.08469055374592833,10.4,0.09708737864077671,0.19117647058823528
2023/24,450434,5.5,5.5,0,0,0,0,0,0,0,0,0,0,0,0,0,0,0.0,0.0,0.0,0.0,0,0.0,0.0,0.0,0.0,143,Deniz,Undav,450434_2023/24,FWD,,0.0,0.14563106796116504,0.0
2023/24,517052,7.0,7.0,142,2801,14,6,9,48,0,0,0,10,0,0,12,479,783.8,501.7,1098.0,237.7,31,18.14,3.0,21.14,47.46,180,Nicolas,Jackson,517052_2023/24,FWD,0.05069617993573724,20.285714285714285,0.29126213592233013,0.5220588235294118
2020/21,538207,4.5,4.5,0,0,0,0,0,0,0,0,0,0,0,0,0,0,0.0,0.0,0.0,0.0,0,0.0,0.0,0.0,0.0,590,William,Osula,538207_2020/21,FWD,,0.0,0.04854368932038833,0.0
2023/24,538207,4.5,4.2,25,778,0,1,0,23,0,0,0,4,0,0,0,27,27.0,24.9,200.0,24.4,9,1.64,0.15,1.79,20.19,590,William,Osula,538207_2023/24,FWD,0.032133676092544985,5.9523809523809526,0.01941747572815533,0.09191176470588235
2016/17,177815,4.5,4.5,17,347,1,0,0,7,0,0,0,1,0,0,1,46,53.2,10.0,82.0,14.1,0,0.0,0.0,0.0,0.0,220,Dominic,Calvert-Lewin,177815_2016/17,FWD,0.04899135446685879,3.7777777777777777,0.04854368932038833,0.0625
2017/18,177815,5.0,4.9,88,1871,4,8,6,28,0,0,0,4,0,0,3,255,354.0,322.6,630.0,130.2,0,0.0,0.0,0.0,0.0,220,Dominic,Calvert-Lewin,177815_2017/18,FWD,0.04703367183324426,17.959183673469386,0.08737864077669905,0.3235294117647059
2018/19,177815,5.5,5.4,92,1769,6,5,8,26,0,0,0,3,0,0,3,267,321.8,185.7,618.0,111.5,0,0.0,0.0,0.0,0.0,220,Dominic,Calvert-Lewin,177815_2018/19,FWD,0.05200678349349915,17.037037037037035,0.13592233009708737,0.3382352941176471
2019/20,177815,6.0,6.1,126,2621,13,1,8,43,0,0,0,9,0,0,15,385,562.8,241.4,1272.0,206.3,0,0.0,0.0,0.0,0.0,220,Dominic,Calvert-Lewin,177815_2019/20,FWD,0.04807325448302175,20.655737704918035,0.20388349514563103,0.4632352941176471
2020/21,177815,7.0,7.5,165,2871,16,6,11,39,0,0,0,3,0,0,21,528,745.8,308.0,1439.0,249.0,0,0.0,0.0,0.0,0.0,220,Dominic,Calvert-Lewin,177815_2020/21,FWD,0.05747126436781609,22.0,0.33980582524271846,0.6066176470588235
2021/22,177815,8.0,7.7,64,1281,5,2,3,31,0,0,1,2,0,0,10,207,255.8,144.7,448.0,84.7,0,0.0,0.0,0.0,0.0,220,Dominic,Calvert-Lewin,177815_2021/22,FWD,0.04996096799375488,8.311688311688311,0.3592233009708738,0.23529411764705882
2022/23,177815,8.0,7.9,40,1166,2,1,4,22,0,0,0,3,0,0,2,89,138.4,122.4,409.0,66.4,15,5.9,0.72,6.62,23.13,220,Dominic,Calvert-Lewin,177815_2022/23,FWD,0.03430531732418525,5.063291139240506,0.3786407766990291,0.14705882352941177
2023/24,177815,6.0,5.8,101,2166,7,3,13,27,0,0,0,2,0,0,9,259,403.0,255.6,901.0,154.8,26,12.86,1.58,14.43,31.91,220,Dominic,Calvert-Lewin,177815_2023/24,FWD,0.04662973222530009,17.413793103448278,0.17475728155339804,0.3713235294117647
2022/23,531363,4.5,4.5,0,0,0,0,0,0,0,0,0,0,0,0,0,0,0.0,0.0,0.0,0.0,0,0.0,0.0,0.0,0.0,546,Nathan,Fraser,531363_2022/23,FWD,,0.0,0.04854368932038833,0.0
2023/24,531363,4.5,4.5,7,183,0,0,1,3,0,0,0,1,0,0,0,17,22.4,29.2,36.0,8.6,1,0.32,0.06,0.38,3.25,546,Nathan,Fraser,531363_2023/24,FWD,0.03825136612021858,1.5555555555555556,0.04854368932038833,0.025735294117647058
2019/20,440323,4.5,4.5,1,4,0,0,0,0,0,0,0,0,0,0,0,2,0.0,0.3,0.0,0.0,0,0.0,0.0,0.0,0.0,156,Armando,Broja,440323_2019/20,FWD,0.25,0.2222222222222222,0.04854368932038833,0.003676470588235294
2021/22,440323,5.0,5.3,92,1969,6,2,5,37,0,0,0,2,0,0,11,234,280.2,159.2,720.0,115.6,0,0.0,0.0,0.0,0.0,156,Armando,Broja,440323_2021/22,FWD,0.046724225495175215,17.358490566037737,0.1262135922330097,0.3382352941176471
2022/23,440323,5.5,5.2,21,285,1,1,1,5,0,0,0,0,0,0,0,56,64.6,18.2,113.0,19.7,2,0.84,0.06,0.9,4.49,156,Armando,Broja,440323_2022/23,FWD,0.07368421052631578,4.038461538461538,0.11650485436893204,0.07720588235294118
2023/24,440323,5.0,4.9,35,529,1,2,3,9,0,0,0,0,0,0,0,72,75.6,70.3,152.0,29.0,6,2.24,0.23,2.47,8.4,156,Armando,Broja,440323_2023/24,FWD,0.0661625708884688,7.142857142857142,0.08737864077669905,0.12867647058823528
2022/23,210156,6.0,5.6,100,1395,10,1,5,29,0,0,0,2,0,0,16,320,416.2,140.1,405.0,95.6,17,6.86,0.29,7.15,26.43,424,Taiwo,Awoniyi,210156_2022/23,FWD,0.07168458781362007,17.857142857142858,0.1553398058252427,0.3676470588235294
2023/24,210156,6.5,6.3,67,1036,6,3,3,21,0,0,0,2,0,0,5,247,303.2,134.4,308.0,74.2,12,4.85,0.9,5.75,15.61,424,Taiwo,Awoniyi,210156_2023/24,FWD,0.06467181467181467,10.634920634920634,0.22330097087378636,0.2463235294117647
2021/22,230251,5.0,5.8,134,2579,10,7,3,60,0,0,0,7,1,0,21,425,667.6,453.4,932.0,205.2,0,0.0,0.0,0.0,0.0,430,Emmanuel,Dennis,230251_2021/22,FWD,0.05195812330360605,23.10344827586207,0.17475728155339804,0.4926470588235294
2022/23,230251,6.0,5.6,39,709,2,2,1,17,0,0,0,3,0,0,3,113,169.6,97.6,293.0,55.7,6,1.73,0.4,2.13,13.59,430,Emmanuel,Dennis,230251_2022/23,FWD,0.05500705218617771,6.964285714285714,0.1553398058252427,0.14338235294117646
2023/24,230251,5.0,4.8,0,0,0,0,0,0,0,0,0,0,0,0,0,0,0.0,0.0,0.0,0.0,0,0.0,0.0,0.0,0.0,430,Emmanuel,Dennis,230251_2023/24,FWD,,0.0,0.07766990291262132,0.0
2020/21,449988,5.5,5.2,72,1352,4,3,0,29,0,0,0,2,0,0,5,198,238.2,166.1,758.0,114.9,0,0.0,0.0,0.0,0.0,545,Fábio,Silva,449988_2020/21,FWD,0.05325443786982249,13.846153846153845,0.11650485436893204,0.2647058823529412
2021/22,449988,6.0,5.6,30,562,0,1,0,7,0,0,0,0,0,0,0,43,21.0,48.3,262.0,32.0,0,0.0,0.0,0.0,0.0,545,Fábio,Silva,449988_2021/22,FWD,0.05338078291814947,5.357142857142858,0.1553398058252427,0.11029411764705882
2022/23,449988,5.5,5.5,0,0,0,0,0,0,0,0,0,0,0,0,0,0,0.0,0.0,0.0,0.0,0,0.0,0.0,0.0,0.0,545,Fábio,Silva,449988_2022/23,FWD,,0.0,0.14563106796116504,0.0
2023/24,449988,5.5,5.2,8,259,0,0,1,8,0,0,0,2,0,0,0,7,25.2,51.6,93.0,16.9,3,1.12,0.09,1.21,7.2,545,Fábio,Silva,449988_2023/24,FWD,0.03088803088803089,1.5384615384615383,0.11650485436893204,0.029411764705882353
2023/24,491012,5.0,4.8,16,196,0,0,1,4,0,0,0,3,0,0,0,28,19.2,51.2,84.0,14.9,1,0.74,0.3,1.04,5.04,237,Youssef,Ramalho Chermiti,491012_2023/24,FWD,0.08163265306122448,3.3333333333333335,0.07766990291262132,0.058823529411764705
2022/23,461416,4.5,4.5,2,23,0,0,0,1,0,0,0,0,0,0,0,7,5.0,11.6,21.0,3.8,0,0.09,0.0,0.09,0.44,286,Tom,Cannon,461416_2022/23,FWD,0.08695652173913043,0.4444444444444444,0.04854368932038833,0.007352941176470588
2023/24,461416,4.5,4.5,1,1,0,0,0,0,0,0,0,0,0,0,0,3,0.0,0.0,0.0,0.0,0,0.0,0.0,0.0,0.28,286,Tom,Cannon,461416_2023/24,FWD,1.0,0.2222222222222222,0.04854368932038833,0.003676470588235294
2014/15,84939,6.0,5.5,139,3025,11,4,8,47,0,0,0,6,0,0,20,439,0.0,0.0,0.0,0.0,0,0.0,0.0,0.0,0.0,523,Danny,Ings,84939_2014/15,FWD,0.045950413223140495,25.272727272727273,0.14563106796116504,0.5110294117647058
2015/16,84939,7.5,6.9,21,340,2,0,0,7,0,0,0,1,0,0,5,68,0.0,0.0,0.0,0.0,0,0.0,0.0,0.0,0.0,523,Danny,Ings,84939_2015/16,FWD,0.061764705882352944,3.043478260869565,0.28155339805825247,0.07720588235294118
2016/17,84939,6.0,5.4,0,0,0,0,0,0,0,0,0,0,0,0,0,0,0.0,0.0,0.0,0.0,0,0.0,0.0,0.0,0.0,523,Danny,Ings,84939_2016/17,FWD,,0.0,0.13592233009708737,0.0
2017/18,84939,5.5,5.4,18,262,1,1,3,0,0,0,0,0,0,0,0,53,57.8,42.0,143.0,24.0,0,0.0,0.0,0.0,0.0,523,Danny,Ings,84939_2017/18,FWD,0.06870229007633588,3.333333333333333,0.13592233009708737,0.0661764705882353
2018/19,84939,5.5,5.4,90,1650,7,3,5,27,0,0,0,1,0,0,11,310,433.8,346.9,808.0,158.4,0,0.0,0.0,0.0,0.0,523,Danny,Ings,84939_2018/19,FWD,0.05454545454545454,16.666666666666664,0.13592233009708737,0.33088235294117646
2019/20,84939,6.0,7.6,198,2800,22,2,6,44,0,0,1,3,0,0,40,736,1010.0,458.3,1558.0,302.4,0,0.0,0.0,0.0,0.0,523,Danny,Ings,84939_2019/20,FWD,0.07071428571428572,26.05263157894737,0.34951456310679613,0.7279411764705882
2020/21,84939,8.5,8.4,131,2172,12,4,6,40,0,0,0,1,0,0,21,464,634.6,300.7,866.0,178.4,0,0.0,0.0,0.0,0.0,523,Danny,Ings,84939_2020/21,FWD,0.06031307550644567,15.595238095238095,0.42718446601941745,0.48161764705882354
2021/22,84939,8.0,7.7,106,1891,7,6,10,26,0,0,0,4,0,0,12,344,448.6,210.9,749.0,140.3,0,0.0,0.0,0.0,0.0,523,Danny,Ings,84939_2021/22,FWD,0.05605499735589635,13.766233766233766,0.3592233009708738,0.3897058823529412
2022/23,84939,7.0,6.3,97,1579,8,2,5,26,0,0,0,4,0,0,13,317,412.2,207.1,620.0,123.7,15,8.43,1.27,9.7,26.29,523,Danny,Ings,84939_2022/23,FWD,0.06143128562381254,15.396825396825397,0.22330097087378636,0.35661764705882354
2023/24,84939,6.0,5.5,36,389,1,2,0,10,0,0,0,1,0,0,4,105,82.4,64.4,125.0,27.1,3,1.18,0.26,1.44,10.43,523,Danny,Ings,84939_2023/24,FWD,0.09254498714652956,6.545454545454546,0.14563106796116504,0.1323529411764706
2022/23,244042,5.5,5.4,0,0,0,0,0,0,0,0,0,0,0,0,0,0,0.0,0.0,0.0,0.0,0,0.0,0.0,0.0,0.0,251,Rodrigo,Muniz Carvalho,244042_2022/23,FWD,,0.0,0.13592233009708737,0.0
2023/24,244042,4.5,4.3,97,1589,9,2,6,27,0,0,0,1,0,0,12,299,409.0,213.1,875.0,148.2,18,8.76,0.94,9.7,26.67,251,Rodrigo,Muniz Carvalho,244042_2023/24,FWD,0.06104468219005664,22.558139534883722,0.029126213592232997,0.35661764705882354
2018/19,102057,5.5,6.9,181,3112,13,10,12,40,0,0,0,4,0,0,31,602,788.8,648.5,1428.0,285.4,0,0.0,0.0,0.0,0.0,252,Raúl,Jiménez,102057_2018/19,FWD,0.058161953727506426,26.231884057971012,0.28155339805825247,0.6654411764705882
2019/20,102057,7.5,8.0,194,3241,17,7,15,36,0,0,0,3,0,0,33,685,911.6,668.2,1680.0,325.4,0,0.0,0.0,0.0,0.0,252,Raúl,Jiménez,102057_2019/20,FWD,0.059858068497377355,24.25,0.3883495145631068,0.7132352941176471
2020/21,102057,8.5,8.1,43,824,4,1,4,10,1,0,0,0,0,0,7,148,177.4,96.2,275.0,55.0,0,0.0,0.0,0.0,0.0,252,Raúl,Jiménez,102057_2020/21,FWD,0.05218446601941747,5.3086419753086425,0.39805825242718446,0.15808823529411764
2021/22,102057,7.5,7.5,101,2630,6,5,11,32,0,0,0,5,2,0,11,266,470.8,506.7,746.0,171.2,0,0.0,0.0,0.0,0.0,252,Raúl,Jiménez,102057_2021/22,FWD,0.038403041825095054,13.466666666666667,0.33980582524271846,0.3713235294117647
2022/23,102057,7.0,6.5,29,839,0,2,2,18,0,0,0,0,0,0,0,65,74.6,117.1,277.0,46.7,8,2.55,0.55,3.1,16.0,252,Raúl,Jiménez,102057_2022/23,FWD,0.03456495828367104,4.461538461538462,0.2427184466019417,0.10661764705882353
2023/24,102057,5.5,5.0,72,1390,7,0,4,29,0,0,0,3,1,0,13,237,335.8,185.9,440.0,95.1,18,5.37,0.96,6.33,37.43,252,Raúl,Jiménez,102057_2023/24,FWD,0.051798561151079135,14.4,0.09708737864077671,0.2647058823529412
2017/18,212319,6.0,5.8,125,2817,5,8,8,54,0,0,0,4,0,0,4,304,497.0,384.7,1217.0,209.3,0,0.0,0.0,0.0,0.0,497,Richarlison,de Andrade,212319_2017/18,FWD,0.04437344692935747,21.551724137931036,0.17475728155339804,0.45955882352941174
2018/19,212319,6.5,6.4,153,2662,13,3,11,36,0,0,0,5,1,0,12,400,698.4,350.7,1209.0,224.5,0,0.0,0.0,0.0,0.0,497,Richarlison,de Andrade,212319_2018/19,FWD,0.0574755822689707,23.90625,0.23300970873786414,0.5625
2019/20,212319,8.0,8.2,165,3070,13,5,9,51,0,0,0,8,0,0,13,519,814.6,478.1,1233.0,252.3,0,0.0,0.0,0.0,0.0,497,Richarlison,de Andrade,212319_2019/20,FWD,0.05374592833876222,20.121951219512198,0.407766990291262,0.6066176470588235
2020/21,212319,8.0,7.7,123,2862,7,6,11,38,0,0,0,4,1,0,18,415,576.4,359.7,1147.0,208.3,0,0.0,0.0,0.0,0.0,497,Richarlison,de Andrade,212319_2020/21,FWD,0.0429769392033543,15.974025974025974,0.3592233009708738,0.4522058823529412
2021/22,212319,7.5,7.6,125,2522,10,6,7,46,0,0,0,9,0,0,19,413,651.4,383.7,1010.0,203.9,0,0.0,0.0,0.0,0.0,497,Richarlison,de Andrade,212319_2021/22,FWD,0.049563838223632035,16.447368421052634,0.34951456310679613,0.45955882352941174
2022/23,212319,8.5,8.4,54,995,1,5,3,18,0,0,0,3,0,0,2,165,209.8,221.5,435.0,86.3,12,3.43,1.46,4.89,14.99,497,Richarlison,de Andrade,212319_2022/23,FWD,0.054271356783919596,6.428571428571428,0.42718446601941745,0.19852941176470587
2023/24,212319,7.0,6.8,122,1481,11,4,7,18,0,0,0,3,0,0,7,305,560.6,208.4,758.0,152.1,18,9.49,1.42,10.91,25.59,497,Richarlison,de Andrade,212319_2023/24,FWD,0.08237677245104659,17.941176470588236,0.2718446601941747,0.4485294117647059
2022/23,476888,5.5,5.3,32,538,1,2,0,10,0,0,0,1,0,0,0,90,104.8,77.5,169.0,33.9,4,1.02,0.31,1.33,9.39,468,Sékou,Mara,476888_2022/23,FWD,0.05947955390334572,6.037735849056604,0.1262135922330097,0.11764705882352941
2015/16,144485,4.5,4.2,2,12,0,0,0,1,0,0,0,0,0,0,0,5,0.0,0.0,0.0,0.0,0,0.0,0.0,0.0,0.0,108,Ivan,Toney,144485_2015/16,FWD,0.16666666666666666,0.47619047619047616,0.01941747572815533,0.007352941176470588
2021/22,144485,6.5,6.9,139,2908,12,5,8,47,0,0,0,8,0,0,19,502,717.8,573.6,1320.0,260.7,0,0.0,0.0,0.0,0.0,108,Ivan,Toney,144485_2021/22,FWD,0.04779917469050894,20.144927536231883,0.28155339805825247,0.5110294117647058
2022/23,144485,7.0,7.1,182,2953,20,4,10,42,0,0,1,9,0,0,35,607,926.8,424.3,1240.0,258.7,33,18.74,3.72,22.46,43.65,108,Ivan,Toney,144485_2022/23,FWD,0.06163223840162547,25.633802816901408,0.3009708737864077,0.6691176470588235
2023/24,144485,8.0,7.7,57,1449,4,3,3,30,0,0,0,5,0,0,4,159,289.6,206.5,524.0,101.7,16,5.72,1.51,7.23,27.82,108,Ivan,Toney,144485_2023/24,FWD,0.039337474120082816,7.402597402597403,0.3592233009708738,0.20955882352941177
2022/23,490146,4.5,4.5,7,85,0,1,0,2,0,0,0,0,0,0,0,22,8.4,12.8,46.0,6.7,1,0.25,0.03,0.28,1.8,256,Jay,Stansfield,490146_2022/23,FWD,0.08235294117647059,1.5555555555555556,0.04854368932038833,0.025735294117647058
2023/24,490146,4.5,4.5,0,0,0,0,0,0,0,0,0,0,0,0,0,0,0.0,0.0,0.0,0.0,0,0.0,0.0,0.0,0.0,256,Jay,Stansfield,490146_2023/24,FWD,,0.0,0.04854368932038833,0.0
2021/22,433979,4.5,4.5,3,24,0,0,0,0,0,0,0,0,0,0,0,3,0.0,0.8,18.0,1.6,0,0.0,0.0,0.0,0.0,27,Cameron,Archer,433979_2021/22,FWD,0.125,0.6666666666666666,0.04854368932038833,0.011029411764705881
2022/23,433979,4.5,4.2,6,43,0,0,0,1,0,0,0,0,0,0,0,13,1.8,2.4,6.0,0.9,0,0.0,0.01,0.01,0.37,27,Cameron,Archer,433979_2022/23,FWD,0.13953488372093023,1.4285714285714286,0.01941747572815533,0.022058823529411763
2023/24,433979,4.5,4.2,82,1829,4,3,2,50,0,0,0,2,0,0,9,241,266.0,309.3,353.0,92.8,21,5.28,1.39,6.67,41.38,27,Cameron,Archer,433979_2023/24,FWD,0.0448332422088573,19.523809523809522,0.01941747572815533,0.3014705882352941
2021/22,487117,4.5,4.5,1,22,0,0,0,1,0,0,0,0,0,0,0,4,2.0,4.8,2.0,0.9,0,0.0,0.0,0.0,0.0,123,Evan,Ferguson,487117_2021/22,FWD,0.045454545454545456,0.2222222222222222,0.04854368932038833,0.003676470588235294
2022/23,487117,4.5,4.6,65,942,6,2,6,12,0,0,0,1,0,0,8,213,286.2,150.4,361.0,79.9,10,5.44,0.54,5.98,13.45,123,Evan,Ferguson,487117_2022/23,FWD,0.06900212314225053,14.130434782608697,0.058252427184465994,0.2389705882352941
2023/24,487117,6.0,5.7,69,1356,6,1,2,28,0,0,0,1,0,0,5,218,275.0,106.7,393.0,77.3,15,4.49,0.77,5.26,22.16,123,Evan,Ferguson,487117_2023/24,FWD,0.05088495575221239,12.105263157894736,0.16504854368932037,0.2536764705882353
2008/09,60689,4.0,4.0,2,17,0,0,0,0,0,0,0,0,0,0,0,0,0.0,0.0,0.0,0.0,0,0.0,0.0,0.0,0.0,447,Chris,Wood,60689_2008/09,FWD,0.11764705882352941,0.5,0.0,0.007352941176470588
2010/11,60689,4.5,4.1,1,9,0,0,0,0,0,0,0,0,0,0,0,0,0.0,0.0,0.0,0.0,0,0.0,0.0,0.0,0.0,447,Chris,Wood,60689_2010/11,FWD,0.1111111111111111,0.24390243902439027,0.00970873786407761,0.003676470588235294
2014/15,60689,4.5,4.3,11,114,1,0,0,3,0,0,0,0,0,0,0,26,0.0,0.0,0.0,0.0,0,0.0,0.0,0.0,0.0,447,Chris,Wood,60689_2014/15,FWD,0.09649122807017543,2.558139534883721,0.029126213592232997,0.04044117647058824
2017/18,60689,6.5,6.2,104,1621,10,1,10,11,0,0,0,1,0,0,20,314,442.0,203.5,692.0,133.8,0,0.0,0.0,0.0,0.0,447,Chris,Wood,60689_2017/18,FWD,0.06415792720542875,16.774193548387096,0.2135922330097087,0.38235294117647056
2018/19,60689,6.5,6.3,131,2580,10,3,7,49,0,0,0,2,0,0,17,379,475.8,310.3,911.0,167.9,0,0.0,0.0,0.0,0.0,447,Chris,Wood,60689_2018/19,FWD,0.050775193798449615,20.793650793650794,0.22330097087378636,0.48161764705882354
2019/20,60689,6.5,6.2,136,2436,14,1,11,33,1,0,0,1,0,0,21,384,552.2,299.6,1070.0,190.8,0,0.0,0.0,0.0,0.0,447,Chris,Wood,60689_2019/20,FWD,0.05582922824302135,21.93548387096774,0.2135922330097087,0.5
2020/21,60689,6.5,6.6,138,2741,12,3,9,43,0,0,0,0,0,0,16,395,595.8,323.2,1129.0,204.0,0,0.0,0.0,0.0,0.0,447,Chris,Wood,60689_2020/21,FWD,0.05034658883619117,20.90909090909091,0.25242718446601936,0.5073529411764706
2021/22,60689,7.0,6.3,91,2694,5,0,6,41,0,0,0,1,0,0,8,228,274.8,265.4,784.0,130.5,0,0.0,0.0,0.0,0.0,447,Chris,Wood,60689_2021/22,FWD,0.033778767631774315,14.444444444444445,0.22330097087378636,0.33455882352941174
2022/23,60689,6.0,5.6,53,807,3,0,4,9,0,0,0,0,0,0,7,163,145.2,82.1,169.0,39.3,9,2.71,0.37,3.08,11.8,447,Chris,Wood,60689_2022/23,FWD,0.06567534076827757,9.464285714285715,0.1553398058252427,0.1948529411764706
2023/24,60689,5.0,4.7,131,1801,14,1,2,34,0,0,0,0,0,0,22,456,598.2,281.1,795.0,167.4,20,11.71,0.92,12.63,27.19,447,Chris,Wood,60689_2023/24,FWD,0.07273736812881733,27.872340425531913,0.06796116504854371,0.48161764705882354
2022/23,243298,8.0,7.6,90,1455,7,3,6,19,0,0,0,0,0,0,4,256,375.6,292.4,460.0,112.3,17,6.43,1.87,8.3,19.56,321,Cody,Gakpo,243298_2022/23,FWD,0.061855670103092786,11.842105263157896,0.34951456310679613,0.33088235294117646
2023/24,243298,7.5,7.1,106,1633,8,5,5,20,0,0,0,1,0,0,12,409,521.4,348.2,708.0,157.1,17,9.07,2.71,11.78,23.9,321,Cody,Gakpo,243298_2023/24,FWD,0.06491120636864667,14.929577464788734,0.3009708737864077,0.3897058823529412
2013/14,155511,4.5,4.5,4,34,0,0,0,1,0,0,0,0,0,0,0,4,0.0,0.0,0.0,0.0,0,0.0,0.0,0.0,0.0,453,Adam,Armstrong,155511_2013/14,FWD,0.11764705882352941,0.8888888888888888,0.04854368932038833,0.014705882352941176
2014/15,155511,4.5,4.3,14,211,0,1,0,8,0,0,0,1,0,0,0,35,0.0,0.0,0.0,0.0,0,0.0,0.0,0.0,0.0,453,Adam,Armstrong,155511_2014/15,FWD,0.06635071090047394,3.255813953488372,0.029126213592232997,0.051470588235294115
2015/16,155511,4.5,4.3,0,0,0,0,0,0,0,0,0,0,0,0,0,0,0.0,0.0,0.0,0.0,0,0.0,0.0,0.0,0.0,453,Adam,Armstrong,155511_2015/16,FWD,,0.0,0.029126213592232997,0.0
2021/22,155511,6.0,5.7,57,1409,2,3,4,31,0,0,0,1,0,0,3,150,179.2,180.2,575.0,92.7,0,0.0,0.0,0.0,0.0,453,Adam,Armstrong,155511_2021/22,FWD,0.04045422285308729,10.0,0.16504854368932037,0.20955882352941177
2022/23,155511,5.5,5.3,54,1321,2,1,1,24,0,0,0,2,0,0,3,161,176.2,148.8,292.0,60.7,14,2.23,0.75,2.98,24.77,453,Adam,Armstrong,155511_2022/23,FWD,0.0408781226343679,10.18867924528302,0.1262135922330097,0.19852941176470587
2020/21,463034,4.5,4.2,1,39,0,0,0,4,0,0,0,0,0,0,0,0,0.0,0.3,4.0,0.2,0,0.0,0.0,0.0,0.0,268,Liam,Delap,463034_2020/21,FWD,0.02564102564102564,0.23809523809523808,0.01941747572815533,0.003676470588235294
2021/22,463034,4.5,4.5,1,8,0,0,0,0,0,0,0,0,0,0,0,2,0.0,0.0,2.0,0.1,0,0.0,0.0,0.0,0.0,268,Liam,Delap,463034_2021/22,FWD,0.125,0.2222222222222222,0.04854368932038833,0.003676470588235294
2022/23,463034,4.5,4.4,0,0,0,0,0,0,0,0,0,0,0,0,0,0,0.0,0.0,0.0,0.0,0,0.0,0.0,0.0,0.0,268,Liam,Delap,463034_2022/23,FWD,,0.0,0.03883495145631072,0.0
2023/24,201440,4.5,4.4,0,0,0,0,0,0,0,0,0,0,0,0,0,0,0.0,0.0,0.0,0.0,0,0.0,0.0,0.0,0.0,446,Hwang,Ui-jo,201440_2023/24,FWD,,0.0,0.03883495145631072,0.0
