,id,first_name,second_name,team,element_type,code,element_code,season,minutes,goals_scored,assists,clean_sheets,goals_conceded,own_goals,penalties_saved,penalties_missed,yellow_cards,red_cards,saves,bonus,bps,influence,creativity,threat,ict_index,starts,expected_goals,expected_assists,expected_goal_involvements,expected_goals_conceded,Saves_Percentage,start_cost,end_cost,Predicted_End_Cost,total_points,Predicted_Total_Points,Goalie_Score,Predicted_Goalie_Score
0,15,David,Raya Martin,1,1,154561,154561,2021,2160,0,0,8,27,0,0,0,1,0,78,5,496,593.4,10.0,0,60.1,0,0.0,0.0,0.0,0.0,74.28571428571429,45,44,45.376,95,90.344,81.04571428571428,79.92716422487625
1,15,David,Raya Martin,1,1,154561,154561,2022,3420,0,0,12,46,1,0,0,1,0,154,20,822,1146.0,20.1,4,117.3,38,0.11,0.12,0.23,50.12,77.0,45,48,49.154,166,160.62,142.681,142.73443217327707
2,15,David,Raya Martin,1,1,154561,154561,2023,2880,0,0,16,24,0,1,0,2,0,46,6,569,413.0,0.0,0,41.1,32,0.0,0.04,0.04,22.51,66.19718309859155,50,53,54.892,135,135.108,66.26338028169013,65.99535776773726
3,73,Norberto,Murara Neto,1,1,69752,69752,2022,2385,0,0,6,39,0,0,0,4,0,100,9,510,727.6,0.0,0,72.8,27,0.0,0.02,0.02,44.7,71.94244604316546,45,45,44.196,93,93.902,91.22302158273381,90.75080425224698
4,73,Norberto,Murara Neto,1,1,69752,69752,2023,2880,0,0,7,55,0,1,0,5,0,113,14,592,875.2,0.0,0,87.5,32,0.0,0.01,0.01,49.66,67.45562130177515,45,46,46.408,110,110.714,99.49704142011835,98.6002685887901
5,47,Emiliano,Martínez Romero,2,1,98980,98980,2014,302,0,0,2,4,0,0,0,0,0,4,0,57,0.0,0.0,0,0.0,0,0.0,0.0,0.0,0.0,50.0,45,45,43.992,14,12.692,22.5,22.49306545745732
6,47,Emiliano,Martínez Romero,2,1,98980,98980,2016,180,0,0,1,3,0,0,0,0,0,5,0,35,30.6,0.0,0,3.1,0,0.0,0.0,0.0,0.0,62.5,40,39,39.856,8,7.924,26.3125,26.208046304355783
7,47,Emiliano,Martínez Romero,2,1,98980,98980,2019,770,0,0,3,9,0,0,0,2,0,34,1,169,256.8,0.0,0,25.8,0,0.0,0.0,0.0,0.0,79.06976744186046,45,44,44.116,33,32.89,55.981395348837204,55.11610230452581
8,47,Emiliano,Martínez Romero,2,1,98980,98980,2020,3420,0,0,15,46,0,1,0,1,0,142,27,825,1067.2,20.0,0,108.5,0,0.0,0.0,0.0,0.0,75.66137566137566,45,53,52.146,186,178.858,142.6216931216931,141.11963743755035
9,47,Emiliano,Martínez Romero,2,1,98980,98980,2021,3240,0,0,11,48,0,1,0,4,0,95,7,651,755.8,0.0,0,75.4,0,0.0,0.0,0.0,0.0,66.66666666666666,55,55,49.326,129,134.268,91.59999999999998,93.72322027856895
10,47,Emiliano,Martínez Romero,2,1,98980,98980,2022,3139,0,0,11,38,1,1,0,7,0,98,15,678,835.2,23.0,0,85.7,36,0.0,0.21,0.21,43.46,72.26277372262774,50,50,50.384,135,136.462,108.89999999999999,108.48480578046347
11,47,Emiliano,Martínez Romero,2,1,98980,98980,2023,3015,0,0,8,48,2,0,0,4,0,95,19,640,802.0,20.0,0,82.2,34,0.0,0.01,0.01,49.87,66.43356643356644,50,52,50.784,115,116.51,101.77622377622377,103.92272434797694
12,51,Robin,Olsen,2,1,111782,111782,2020,630,0,0,2,9,0,0,0,1,0,21,3,119,166.4,0.0,0,16.7,0,0.0,0.0,0.0,0.0,70.0,45,45,43.114,25,23.944,45.29,45.391710463596056
13,51,Robin,Olsen,2,1,111782,111782,2021,90,0,0,0,3,0,0,0,0,0,2,0,14,18.8,0.0,0,1.9,0,0.0,0.0,0.0,0.0,40.0,40,40,40.572,1,1.39,16.76,16.598046517096364
14,51,Robin,Olsen,2,1,111782,111782,2022,280,0,0,1,8,0,0,0,0,0,11,1,62,83.2,0.0,0,8.2,2,0.0,0.0,0.0,8.56,57.89473684210527,40,39,39.85,10,11.066,27.90526315789474,27.781688499984902
15,51,Robin,Olsen,2,1,111782,111782,2023,405,0,0,0,13,0,1,0,0,0,21,3,107,194.6,0.0,0,19.5,4,0.0,0.0,0.0,10.03,62.85714285714285,40,39,39.25,17,21.948,38.65714285714285,40.00468883491146
16,84,Mark,Travers,3,1,229600,229600,2018,180,0,0,1,5,0,0,0,0,0,9,1,46,68.2,0.0,0,6.8,0,0.0,0.0,0.0,0.0,64.28571428571429,40,40,41.87,9,8.304,30.728571428571428,30.348331796507374
17,84,Mark,Travers,3,1,229600,229600,2019,90,0,0,0,3,0,0,0,0,0,2,0,9,15.2,0.0,0,1.5,0,0.0,0.0,0.0,0.0,40.0,45,42,41.674,1,1.266,17.400000000000002,17.69711882714553
18,84,Mark,Travers,3,1,229600,229600,2022,1035,0,0,2,32,0,0,0,0,0,36,1,193,290.0,0.0,0,29.1,11,0.0,0.0,0.0,19.68,52.94117647058824,45,41,40.984,28,37.82,37.641176470588235,37.71852698105788
19,84,Mark,Travers,3,1,229600,229600,2023,360,0,0,2,5,0,0,0,0,0,13,2,79,92.6,0.0,0,9.3,4,0.0,0.0,0.0,6.96,72.22222222222221,40,40,39.246,19,18.424,37.04999999999999,37.341249737522844
20,152,Kepa,Arrizabalaga,3,1,109745,109745,2018,3240,0,0,14,39,0,1,0,2,0,82,7,685,681.0,0.1,0,68.0,0,0.0,0.0,0.0,0.0,68.0327868852459,55,54,53.72,142,144.862,87.76229508196721,89.0175556472507
21,152,Kepa,Arrizabalaga,3,1,109745,109745,2019,2970,0,0,8,47,0,0,0,0,0,55,0,507,503.6,0.0,0,50.2,0,0.0,0.0,0.0,0.0,53.92156862745098,55,54,51.046,90,93.104,56.18627450980392,57.62511292646647
22,152,Kepa,Arrizabalaga,3,1,109745,109745,2020,585,0,0,2,8,0,0,0,1,0,16,5,117,113.6,0.0,0,11.3,0,0.0,0.0,0.0,0.0,66.66666666666666,50,47,44.906,26,24.47,42.19999999999999,42.67125134537784
23,152,Kepa,Arrizabalaga,3,1,109745,109745,2021,360,0,0,2,2,0,0,0,0,0,11,1,89,95.6,0.0,0,9.6,0,0.0,0.0,0.0,0.0,84.61538461538461,50,45,44.518,19,19.118,47.04615384615385,46.02562615913422
24,152,Kepa,Arrizabalaga,3,1,109745,109745,2022,2565,0,0,9,33,0,0,0,1,0,91,15,575,733.4,0.1,0,73.3,29,0.0,0.0,0.0,38.34,73.38709677419355,45,45,49.0,118,115.328,97.82500000000002,96.27887487971621
25,91,Mark,Flekken,4,1,118342,118342,2023,3285,0,1,7,63,0,0,0,3,0,115,12,685,921.2,40.3,0,96.2,37,0.0,0.14,0.14,54.01,64.60674157303372,45,47,47.252,119,120.672,100.26966292134833,101.01828714039736
26,142,Jason,Steele,5,1,49262,49262,2021,90,0,0,0,2,0,0,0,0,0,3,0,17,28.8,0.0,0,2.9,0,0.0,0.0,0.0,0.0,60.0,40,39,39.584,2,2.25,25.139999999999997,25.214690501625775
27,142,Jason,Steele,5,1,49262,49262,2022,1350,0,1,6,23,1,1,0,1,0,37,8,332,377.6,13.0,0,39.1,15,0.0,0.15,0.15,23.46,62.29508196721312,40,40,42.116,65,64.512,54.25901639344262,55.8630849429546
28,142,Jason,Steele,5,1,49262,49262,2023,1530,0,0,2,34,0,0,0,0,0,43,5,300,382.2,0.1,0,38.2,17,0.0,0.0,0.0,24.86,55.84415584415584,45,40,41.134,42,44.786,46.46233766233766,46.22946250470599
29,146,Bart,Verbruggen,5,1,489639,489639,2023,1890,0,0,4,28,0,0,0,3,0,65,7,417,541.4,1.0,0,54.3,21,0.0,0.0,0.0,31.6,69.89247311827957,45,44,44.728,68,73.99,73.59677419354838,74.34464732309121
30,155,Marcus,Bettinelli,6,1,122074,122074,2018,630,0,0,0,20,0,1,0,1,0,20,0,114,195.0,0.0,0,19.4,0,0.0,0.0,0.0,0.0,51.21951219512195,45,42,43.506,15,23.72,31.44878048780488,32.14443209985884
31,183,Đorđe,Petrović,6,1,457569,457569,2023,1986,0,0,5,38,0,0,0,2,0,75,5,414,567.8,0.0,0,56.8,22,0.0,0.0,0.0,34.93,66.3716814159292,45,47,44.266,71,77.198,72.21238938053098,73.21389527785875
32,185,Robert,Sánchez,6,1,215059,215059,2020,2430,0,0,10,27,0,0,0,2,0,66,8,514,542.2,10.0,4,55.8,0,0.0,0.0,0.0,0.0,70.96774193548387,45,45,46.636,101,104.032,77.21290322580646,77.94387560819204
33,185,Robert,Sánchez,6,1,215059,215059,2021,3330,0,0,11,42,0,0,0,3,1,101,8,679,811.0,30.0,0,84.0,0,0.0,0.0,0.0,0.0,70.62937062937063,45,45,46.594,126,131.778,96.76223776223776,96.31253986364594
34,185,Robert,Sánchez,6,1,215059,215059,2022,2070,0,0,6,30,0,1,0,2,0,48,10,380,439.0,0.1,0,43.9,23,0.0,0.01,0.01,27.6,62.0253164556962,45,44,44.178,82,81.638,60.72278481012658,61.645511594713724
35,185,Robert,Sánchez,6,1,215059,215059,2023,1433,0,0,3,25,0,1,0,2,0,53,7,317,450.6,0.1,0,45.2,16,0.0,0.0,0.0,23.72,68.35443037974683,45,45,44.152,59,58.064,66.44050632911393,66.40685281441553
36,201,Dean,Henderson,7,1,172649,172649,2019,3240,0,1,13,33,0,1,0,2,0,97,16,688,718.8,10.0,18,74.8,0,0.0,0.0,0.0,0.0,74.80916030534351,45,52,52.082,160,155.022,106.82748091603055,106.61316516587719
37,201,Dean,Henderson,7,1,172649,172649,2020,1125,0,0,4,12,0,0,0,3,0,40,1,218,275.4,0.0,0,27.5,0,0.0,0.0,0.0,0.0,76.92307692307693,55,52,49.276,44,45.362,61.923076923076934,61.171216392176476
38,201,Dean,Henderson,7,1,172649,172649,2022,1620,0,0,6,31,0,2,0,2,0,54,12,367,474.4,0.0,0,47.5,18,0.0,0.01,0.01,26.97,64.36781609195403,45,46,44.738,82,75.736,67.9080459770115,67.74900089973893
39,201,Dean,Henderson,7,1,172649,172649,2023,1620,0,0,4,30,2,0,0,2,0,58,2,293,434.8,0.0,0,43.7,18,0.0,0.01,0.01,26.47,65.9090909090909,45,44,44.424,48,50.466,59.12045454545454,59.25599223740605
40,209,Remi,Matthews,7,1,169593,169593,2023,3,0,0,0,1,0,0,0,0,0,0,0,3,1.0,0.0,0,0.1,0,0.0,0.0,0.0,0.07,0.0,40,39,40.062,1,2.066,0.0,-0.5784570699843101
41,445,Matt,Turner,7,1,224068,224068,2023,1530,0,0,2,28,0,0,0,2,0,55,0,278,379.6,0.0,0,37.9,17,0.0,0.0,0.0,25.43,66.26506024096386,40,37,41.812,41,43.334,49.63253012048193,47.96483613918167
42,227,João,Neves Virgínia,8,1,222627,222627,2020,47,0,0,0,0,0,0,0,0,0,3,0,10,25.0,0.0,0,2.5,0,0.0,0.0,0.0,0.0,100.0,45,43,41.18,2,1.772,45.5,44.62118986769704
43,235,Jordan,Pickford,8,1,111234,111234,2015,180,0,0,0,6,0,0,0,0,0,11,0,41,0.0,0.0,0,0.0,0,0.0,0.0,0.0,0.0,64.70588235294117,40,39,39.418,4,4.724,25.235294117647054,24.833367581528762
44,235,Jordan,Pickford,8,1,111234,111234,2016,2610,0,0,4,50,0,0,0,0,0,135,9,608,933.0,40.0,0,97.4,0,0.0,0.0,0.0,0.0,72.97297297297297,40,42,42.994,102,102.004,108.2918918918919,108.8744184247388
45,235,Jordan,Pickford,8,1,111234,111234,2017,3420,0,0,10,58,0,1,0,0,0,121,16,724,873.6,30.1,4,90.7,0,0.0,0.0,0.0,0.0,67.77777777777779,50,49,50.222,145,139.65,105.53,105.60377841468112
46,235,Jordan,Pickford,8,1,111234,111234,2018,3420,0,0,14,46,0,3,0,1,0,94,13,706,776.4,10.0,0,78.5,0,0.0,0.0,0.0,0.0,67.83216783216784,50,49,50.03,161,160.008,95.30419580419583,96.40997885922428
47,235,Jordan,Pickford,8,1,111234,111234,2019,3420,0,0,9,56,0,0,0,2,0,94,5,626,755.6,13.0,0,76.7,0,0.0,0.0,0.0,0.0,62.66666666666667,55,52,50.472,117,119.656,83.78533333333333,84.85254327483118
48,235,Jordan,Pickford,8,1,111234,111234,2020,2742,0,0,10,39,0,0,0,1,0,89,8,570,698.4,10.1,0,70.9,0,0.0,0.0,0.0,0.0,69.53125,50,48,48.226,114,117.228,88.23515625,89.36981352356514
49,235,Jordan,Pickford,8,1,111234,111234,2021,3150,0,0,7,58,0,0,0,2,0,117,12,624,863.2,43.0,0,90.5,0,0.0,0.0,0.0,0.0,66.85714285714286,50,48,47.576,116,115.618,100.62,101.2839083972135
50,235,Jordan,Pickford,8,1,111234,111234,2022,3330,0,1,8,57,0,1,0,6,0,124,10,666,997.8,23.0,0,102.0,37,0.0,0.35,0.35,66.41,68.68131868131869,45,44,45.524,124,124.05,107.14285714285714,106.67356824913308
51,235,Jordan,Pickford,8,1,111234,111234,2023,3420,0,0,13,51,1,0,0,5,0,121,22,734,969.2,43.4,0,101.3,38,0.0,0.46,0.46,56.01,70.34883720930233,45,48,50.334,153,157.568,120.5075581395349,122.49099324698379
52,624,Asmir,Begovic,8,1,40349,40349,2008,180,0,0,0,2,0,0,0,0,0,12,0,0,0.0,0.0,0,0.0,0,0.0,0.0,0.0,0.0,85.71428571428571,40,40,41.38,8,6.754,34.285714285714285,35.440847133324716
53,624,Asmir,Begovic,8,1,40349,40349,2009,1062,0,0,0,23,0,0,0,0,0,41,0,0,0.0,0.0,0,0.0,0,0.0,0.0,0.0,0.0,64.0625,40,40,41.27,41,39.306,25.625,24.573871339769198
54,624,Asmir,Begovic,8,1,40349,40349,2010,2520,0,0,8,32,0,1,0,3,0,97,5,0,0.0,0.0,0,0.0,0,0.0,0.0,0.0,0.0,75.38461538461539,45,44,45.772,108,103.536,36.93846153846154,40.70857184155106
55,624,Asmir,Begovic,8,1,40349,40349,2011,1998,0,0,6,31,0,0,0,0,0,84,5,0,0.0,0.0,0,0.0,0,0.0,0.0,0.0,0.0,73.04347826086956,50,45,44.98,87,64.26,36.52173913043478,34.83032342520271
56,624,Asmir,Begovic,8,1,40349,40349,2012,3420,0,0,12,45,0,0,0,3,0,117,8,0,0.0,0.0,0,0.0,0,0.0,0.0,0.0,0.0,72.22222222222221,45,56,50.824,144,132.276,46.222222222222214,47.953332912613064
57,624,Asmir,Begovic,8,1,40349,40349,2013,2880,1,0,9,36,0,1,0,1,0,104,9,161,0.0,0.0,0,0.0,0,0.0,0.0,0.0,0.0,74.46808510638297,55,54,52.486,136,126.474,46.91489361702128,46.91489361702004
58,624,Asmir,Begovic,8,1,40349,40349,2014,3150,0,0,7,43,0,0,0,3,0,87,3,482,0.0,0.0,0,0.0,0,0.0,0.0,0.0,0.0,66.92307692307692,50,48,48.082,106,106.678,34.130769230769225,33.057175358003185
59,624,Asmir,Begovic,8,1,40349,40349,2015,1399,0,0,4,24,0,0,0,0,0,55,1,293,0.0,0.0,0,0.0,0,0.0,0.0,0.0,0.0,69.62025316455697,50,46,45.934,55,53.448,32.721518987341774,32.48297093469989
60,624,Asmir,Begovic,8,1,40349,40349,2016,180,0,0,0,5,0,0,0,0,0,1,0,17,13.2,0.0,0,1.3,0,0.0,0.0,0.0,0.0,16.666666666666664,50,46,39.94,2,4.74,7.883333333333331,11.44635954885883
61,624,Asmir,Begovic,8,1,40349,40349,2017,3420,0,0,6,61,0,1,0,2,0,111,6,631,790.8,20.0,0,80.8,0,0.0,0.0,0.0,0.0,64.73988439306359,45,45,46.002,112,114.334,85.32716763005783,85.15985495947527
62,624,Asmir,Begovic,8,1,40349,40349,2018,2160,0,0,5,47,0,0,0,0,0,59,4,363,440.6,0.0,0,44.2,0,0.0,0.0,0.0,0.0,55.66037735849056,45,43,43.256,63,67.98,50.76226415094339,49.97842208220625
63,624,Asmir,Begovic,8,1,40349,40349,2021,270,0,0,1,8,0,0,0,0,0,11,3,61,81.8,0.0,0,8.2,0,0.0,0.0,0.0,0.0,57.89473684210527,40,40,40.942,13,12.274,29.642105263157898,29.68818443267304
64,624,Asmir,Begovic,8,1,40349,40349,2022,90,0,0,1,0,0,0,0,0,0,4,2,30,36.0,0.0,0,3.6,1,0.0,0.0,0.0,1.04,100.0,40,38,38.554,9,7.996,43.6,43.312209949646146
65,248,Bernd,Leno,9,1,80201,80201,2018,2835,0,0,6,42,0,0,0,0,0,105,5,568,807.2,0.0,0,80.5,0,0.0,0.0,0.0,0.0,71.42857142857143,50,49,46.2,106,103.256,96.07142857142857,96.20223007853885
66,248,Bernd,Leno,9,1,80201,80201,2019,2649,0,0,7,39,0,1,0,2,0,113,10,591,843.2,0.0,0,84.1,0,0.0,0.0,0.0,0.0,74.50980392156863,50,48,46.428,114,108.262,105.87843137254902,104.48804704218362
67,248,Bernd,Leno,9,1,80201,80201,2020,3131,0,0,11,37,1,1,0,0,1,86,11,625,702.2,0.0,2,70.3,0,0.0,0.0,0.0,0.0,70.16129032258065,50,50,51.676,131,134.636,92.1217741935484,92.42571986718583
68,248,Bernd,Leno,9,1,80201,80201,2021,360,0,0,1,9,0,0,0,0,0,10,0,69,85.0,0.0,0,8.5,0,0.0,0.0,0.0,0.0,52.63157894736842,50,45,43.512,10,15.454,28.157894736842103,29.716267646965754
69,248,Bernd,Leno,9,1,80201,80201,2022,3240,0,0,8,51,0,1,0,3,0,144,17,766,1154.8,10.0,0,116.6,36,0.0,0.0,0.0,62.75,73.9795918367347,45,46,48.554,142,138.144,132.8673469387755,130.61758138459874
70,248,Bernd,Leno,9,1,80201,80201,2023,3420,0,0,10,61,1,0,0,3,0,134,15,782,1069.8,0.1,0,106.7,38,0.0,0.0,0.0,64.14,68.71794871794872,45,48,48.616,133,137.162,116.61435897435896,116.86648435226208
71,568,Arijanet,Muric,10,1,232917,232917,2023,900,0,0,0,16,1,1,0,0,0,64,12,241,513.0,40.3,0,55.3,10,0.0,0.05,0.05,20.43,80.24691358024691,45,43,43.172,47,43.572,88.51234567901234,86.86699834121575
72,294,Daniel,Iversen,11,1,207270,207270,2022,1080,0,0,1,22,1,0,0,0,0,38,2,183,275.4,0.0,0,27.6,12,0.0,0.0,0.0,21.24,63.33333333333333,40,39,39.558,29,33.678,43.44666666666666,44.3824461695002
73,308,Danny,Ward,11,1,95463,95463,2015,180,0,0,0,4,0,0,0,0,0,9,0,34,0.0,0.0,0,0.0,0,0.0,0.0,0.0,0.0,69.23076923076923,40,40,39.956,6,5.982,27.692307692307693,27.91413969489716
74,308,Danny,Ward,11,1,95463,95463,2021,90,0,0,0,1,0,0,0,0,0,4,0,17,32.4,0.0,0,3.2,0,0.0,0.0,0.0,0.0,80.0,40,40,40.006,3,2.68,34.56,34.65106449055556
75,308,Danny,Ward,11,1,95463,95463,2022,2340,0,0,6,46,0,1,0,0,0,77,12,485,631.4,0.0,0,63.0,26,0.0,0.0,0.0,42.87,62.903225806451616,40,38,40.34,91,91.554,71.08064516129032,71.05317084707518
76,310,Alisson,Ramses Becker,12,1,116535,116535,2018,3420,0,0,21,22,0,0,0,1,0,76,9,771,677.0,0.1,0,67.6,0,0.0,0.0,0.0,0.0,77.55102040816327,55,59,58.798,176,173.352,105.15918367346939,102.67097276511161
77,310,Alisson,Ramses Becker,12,1,116535,116535,2019,2543,0,1,13,24,0,0,0,0,1,58,11,558,503.0,10.0,0,51.5,0,0.0,0.0,0.0,0.0,70.73170731707317,60,62,58.106,122,126.32,88.06097560975611,88.55161664868344
78,310,Alisson,Ramses Becker,12,1,116535,116535,2020,2970,1,0,10,32,0,1,0,1,0,84,13,660,776.4,0.1,17,79.4,0,0.0,0.0,0.0,0.0,72.64957264957265,60,60,54.602,140,132.362,110.71794871794872,106.9388181553593
79,310,Alisson,Ramses Becker,12,1,116535,116535,2021,3240,0,1,20,24,1,0,0,0,0,75,15,782,721.4,10.0,0,73.1,0,0.0,0.0,0.0,0.0,75.75757575757575,60,61,60.18,176,171.762,112.95454545454544,111.24449269806222
80,310,Alisson,Ramses Becker,12,1,116535,116535,2022,3330,0,1,14,43,0,1,0,1,0,107,15,824,966.4,10.1,0,97.6,37,0.0,0.02,0.02,50.02,71.52317880794702,55,55,52.942,162,165.212,119.8728476821192,120.3623518347339
81,310,Alisson,Ramses Becker,12,1,116535,116535,2023,2520,0,0,8,30,0,0,0,1,0,83,9,575,671.2,10.4,0,68.1,28,0.0,0.0,0.0,35.21,73.45132743362832,55,57,53.048,107,106.334,98.49823008849557,97.58349238423021
82,325,Caoimhin,Kelleher,12,1,200720,200720,2020,180,0,0,1,1,0,0,0,0,0,6,0,41,57.8,0.0,0,5.8,0,0.0,0.0,0.0,0.0,85.71428571428571,45,45,43.392,10,9.33,43.54285714285714,42.63594299712298
83,325,Caoimhin,Kelleher,12,1,200720,200720,2021,180,0,0,1,2,0,0,0,0,0,6,0,52,46.2,0.0,0,4.6,0,0.0,0.0,0.0,0.0,75.0,45,43,42.432,8,8.538,35.7,35.695253124665655
84,325,Caoimhin,Kelleher,12,1,200720,200720,2022,90,0,0,0,4,0,0,0,0,0,6,0,20,38.0,0.0,0,3.8,1,0.0,0.0,0.0,1.77,60.0,40,39,39.334,2,1.992,25.679999999999996,25.42149980621018
85,325,Caoimhin,Kelleher,12,1,200720,200720,2023,900,0,0,2,11,0,0,0,0,0,28,3,198,261.2,10.0,0,27.0,10,0.0,0.01,0.01,10.33,71.7948717948718,40,36,38.222,34,35.172,47.38461538461539,47.61582262809303
86,344,Scott,Carson,13,1,17601,17601,2006,3240,0,1,0,55,0,2,0,1,0,117,4,0,0.0,0.0,0,0.0,0,0.0,0.0,0.0,0.0,68.39080459770115,50,50,48.602,139,126.292,36.93103448275862,38.116570417178174
87,344,Scott,Carson,13,1,17601,17601,2007,3125,0,2,0,46,0,1,0,1,1,82,1,0,0.0,0.0,0,0.0,0,0.0,0.0,0.0,0.0,64.34108527131784,55,55,51.59,113,106.476,36.031007751937985,34.23013362146012
88,344,Scott,Carson,13,1,17601,17601,2008,3150,0,0,0,64,0,0,0,3,0,140,5,0,0.0,0.0,0,0.0,0,0.0,0.0,0.0,0.0,68.62745098039215,50,44,44.886,110,110.276,33.627450980392155,34.925122458617274
89,344,Scott,Carson,13,1,17601,17601,2010,2880,0,0,2,58,1,0,0,1,0,94,1,0,0.0,0.0,0,0.0,0,0.0,0.0,0.0,0.0,61.8421052631579,40,40,41.834,72,82.998,25.35526315789474,21.701980687005403
90,344,Scott,Carson,13,1,17601,17601,2020,90,0,0,0,3,0,1,0,0,0,2,1,27,37.4,0.0,0,3.7,0,0.0,0.0,0.0,0.0,50.0,40,39,39.36,7,5.466,21.85,21.82082672332264
91,347,Ederson,Santana de Moraes,13,1,121160,121160,2017,3195,0,0,16,26,0,2,0,1,0,58,10,666,546.2,10.0,0,55.6,0,0.0,0.0,0.0,0.0,69.76744186046511,55,57,57.164,158,152.798,85.53488372093021,85.92684384449281
92,347,Ederson,Santana de Moraes,13,1,121160,121160,2018,3420,0,1,20,23,0,0,0,2,0,58,6,700,535.2,33.0,0,56.8,0,0.0,0.0,0.0,0.0,71.60493827160494,55,57,58.232,169,165.172,85.78271604938271,85.72966981670402
93,347,Ederson,Santana de Moraes,13,1,121160,121160,2019,3071,0,0,16,31,0,0,0,3,1,68,2,645,608.6,16.0,0,62.3,0,0.0,0.0,0.0,0.0,68.68686868686868,60,61,56.882,133,137.984,86.06464646464644,86.0164749664702
94,347,Ederson,Santana de Moraes,13,1,121160,121160,2020,3240,0,1,19,28,0,1,0,3,0,66,3,696,586.0,10.0,0,59.6,0,0.0,0.0,0.0,0.0,70.52631578947368,60,61,59.602,160,159.512,87.17052631578946,87.30506354859918
95,347,Ederson,Santana de Moraes,13,1,121160,121160,2021,3330,0,0,20,26,0,0,0,3,0,60,4,701,561.2,0.0,0,56.1,0,0.0,0.0,0.0,0.0,69.76744186046511,60,62,60.316,155,158.33,85.1860465116279,86.02667922645631
96,347,Ederson,Santana de Moraes,13,1,121160,121160,2022,3150,0,1,11,32,0,0,0,3,0,46,8,581,508.4,13.1,0,52.1,35,0.0,0.22,0.22,28.08,58.97435897435898,55,54,54.01,121,131.13,67.2897435897436,72.7590235722935
97,347,Ederson,Santana de Moraes,13,1,121160,121160,2023,2785,0,0,11,27,0,0,0,5,0,57,5,569,551.8,10.0,0,56.0,33,0.0,0.03,0.03,27.43,67.85714285714286,55,55,54.652,112,124.784,78.71428571428572,80.86600434517965
98,358,Stefan,Ortega Moreno,13,1,88248,88248,2022,270,0,0,2,1,0,0,0,0,0,14,5,90,116.8,0.0,0,11.7,3,0.0,0.0,0.0,4.12,93.33333333333331,40,37,38.646,23,20.032,50.11999999999999,48.80144341601664
99,358,Stefan,Ortega Moreno,13,1,88248,88248,2023,632,0,0,1,7,0,0,0,0,0,20,2,114,171.2,0.0,0,17.3,5,0.0,0.0,0.0,7.17,74.07407407407408,40,36,37.614,22,21.906,40.96296296296296,41.232335128614764
100,374,Tom,Heaton,14,1,21205,21205,2014,3420,0,0,10,53,0,2,0,1,0,127,11,615,0.0,0.0,0,0.0,0,0.0,0.0,0.0,0.0,70.87912087912088,45,47,50.336,150,131.648,41.1098901098901,39.08207942819108
101,374,Tom,Heaton,14,1,21205,21205,2016,3150,0,0,10,48,0,1,0,1,0,142,21,741,1001.6,30.3,0,103.2,0,0.0,0.0,0.0,0.0,74.86910994764398,45,51,50.638,149,145.968,131.17068062827224,130.53664175803084
102,374,Tom,Heaton,14,1,21205,21205,2017,305,0,0,0,4,0,0,0,0,0,8,0,48,53.4,0.0,0,5.3,0,0.0,0.0,0.0,0.0,66.66666666666666,50,47,45.21,8,9.338,34.86666666666666,35.52677097097276
103,374,Tom,Heaton,14,1,21205,21205,2018,1710,0,0,4,27,0,0,0,3,0,63,4,323,442.8,20.1,4,46.6,0,0.0,0.0,0.0,0.0,70.0,50,48,46.622,58,58.594,69.02,68.82065716706794
104,374,Tom,Heaton,14,1,21205,21205,2019,1794,0,0,4,35,1,0,0,0,0,67,3,346,507.4,0.3,0,50.7,0,0.0,0.0,0.0,0.0,65.68627450980392,45,43,43.924,59,61.662,63.5186274509804,64.04358425719347
105,383,André,Onana,14,1,202641,202641,2023,3420,0,0,9,58,0,0,0,5,0,149,10,741,1167.8,33.2,0,120.2,38,0.0,0.08,0.08,69.64,71.98067632850241,50,50,49.242,133,133.922,129.70917874396133,128.524589386221
106,396,Martin,Dúbravka,15,1,67089,67089,2017,1080,0,0,4,11,0,1,0,0,0,26,5,215,234.6,0.0,0,23.3,0,0.0,0.0,0.0,0.0,71.05263157894737,45,45,45.65,53,49.71,52.08157894736842,51.89415571810564
107,396,Martin,Dúbravka,15,1,67089,67089,2018,3420,0,0,11,48,0,0,0,1,0,96,10,647,783.6,0.0,0,78.4,0,0.0,0.0,0.0,0.0,66.66666666666666,50,50,49.896,131,133.262,92.26666666666665,93.76263516977704
108,396,Martin,Dúbravka,15,1,67089,67089,2019,3420,0,0,11,58,0,0,0,0,0,139,7,719,1019.0,0.0,0,102.0,0,0.0,0.0,0.0,0.0,70.55837563451777,50,51,50.426,143,142.58,112.89340101522845,113.03100081341269
109,396,Martin,Dúbravka,15,1,67089,67089,2020,1170,0,0,3,19,0,0,0,0,0,45,6,255,346.8,0.0,0,34.6,0,0.0,0.0,0.0,0.0,70.3125,50,48,45.336,48,45.912,62.29687499999999,62.42332542440698
110,396,Martin,Dúbravka,15,1,67089,67089,2021,2340,0,0,8,35,0,0,0,1,0,73,9,465,590.8,20.0,0,61.1,0,0.0,0.0,0.0,0.0,67.5925925925926,45,44,44.908,96,95.3,77.12314814814815,77.86698401854845
111,396,Martin,Dúbravka,15,1,67089,67089,2022,156,0,0,1,1,0,0,0,0,0,10,1,49,54.0,0.0,0,5.4,1,0.0,0.0,0.0,3.33,90.9090909090909,45,41,40.872,11,10.204,43.090909090909086,42.92799249572293
112,396,Martin,Dúbravka,15,1,67089,67089,2023,1984,0,0,4,42,0,1,0,1,0,88,3,426,661.0,10.0,0,67.2,22,0.0,0.0,0.0,44.34,67.93893129770993,40,43,43.088,75,75.638,76.90687022900764,76.52600901823187
113,412,Odysseas,Vlachodimos,15,1,111452,111452,2023,450,0,0,1,12,0,0,0,0,0,10,0,79,101.8,10.0,0,11.2,5,0.0,0.01,0.01,7.48,45.45454545454545,45,45,40.512,12,21.004,25.545454545454547,28.948933244435075
114,413,Nick,Pope,15,1,98747,98747,2017,3114,0,0,11,35,0,1,0,3,0,113,19,701,862.4,40.0,0,90.1,0,0.0,0.0,0.0,0.0,76.51006711409396,45,50,50.952,152,150.37,121.72751677852348,120.94405778506201
115,413,Nick,Pope,15,1,98747,98747,2019,3420,0,0,15,50,0,1,0,1,0,120,23,789,900.0,30.3,2,93.1,0,0.0,0.0,0.0,0.0,70.76023391812866,45,52,51.586,170,170.716,118.94795321637429,120.50730739701179
116,413,Nick,Pope,15,1,98747,98747,2020,2880,0,0,11,37,0,0,0,1,0,114,20,652,846.6,20.0,2,86.8,0,0.0,0.0,0.0,0.0,75.49668874172185,55,55,53.506,144,139.6,122.15364238410596,121.06824085888339
117,413,Nick,Pope,15,1,98747,98747,2021,3240,0,0,9,47,0,0,0,1,0,120,12,683,902.8,20.0,0,92.4,0,0.0,0.0,0.0,0.0,71.8562874251497,55,53,49.382,130,129.198,113.10179640718563,113.67049461352441
118,413,Nick,Pope,15,1,98747,98747,2022,3261,0,0,14,32,0,2,0,3,1,87,14,678,709.6,20.0,0,72.9,37,0.0,0.01,0.01,39.44,73.55371900826447,50,54,51.766,157,148.676,103.63719008264464,99.56395259220913
119,413,Nick,Pope,15,1,98747,98747,2023,1345,0,0,6,16,0,0,0,1,0,43,1,279,323.0,0.0,4,32.7,15,0.02,0.0,0.02,15.92,72.88135593220339,55,53,49.888,57,58.06,63.188135593220345,62.89425864019768
120,414,John,Ruddy,15,1,19236,19236,2011,3319,0,0,3,65,0,1,0,1,1,140,0,0,0.0,0.0,0,0.0,0,0.0,0.0,0.0,0.0,68.44660194174757,40,42,44.396,97,106.16,28.74757281553398,27.6723267764786
121,414,John,Ruddy,15,1,19236,19236,2012,1341,0,0,6,21,0,1,0,0,0,54,2,0,0.0,0.0,0,0.0,0,0.0,0.0,0.0,0.0,72.36842105263158,45,44,44.624,67,58.584,33.28947368421052,33.135866398402975
122,414,John,Ruddy,15,1,19236,19236,2013,3420,0,0,12,62,0,0,0,2,0,125,8,186,0.0,0.0,0,0.0,0,0.0,0.0,0.0,0.0,66.84491978609626,50,51,50.568,135,131.972,39.43850267379679,36.8016427426251
123,414,John,Ruddy,15,1,19236,19236,2015,2430,0,0,3,44,0,0,0,0,0,69,1,409,0.0,0.0,0,0.0,0,0.0,0.0,0.0,0.0,61.06194690265486,45,41,42.09,69,74.218,25.646017699115042,21.601535606569904
124,414,John,Ruddy,15,1,19236,19236,2018,90,0,0,1,0,0,0,0,0,0,3,0,25,26.6,0.0,0,2.7,0,0.0,0.0,0.0,0.0,100.0,45,42,39.938,7,7.184,44.7,44.29514260333936
125,414,John,Ruddy,15,1,19236,19236,2020,91,0,0,0,1,0,0,0,0,0,3,0,19,25.4,0.0,0,2.5,0,0.0,0.0,0.0,0.0,75.0,45,43,39.872,4,2.638,34.125,34.34917053235769
126,414,John,Ruddy,15,1,19236,19236,2021,135,0,0,0,3,0,0,0,0,0,4,0,20,34.2,0.0,0,3.4,0,0.0,0.0,0.0,0.0,57.14285714285714,45,43,39.668,3,2.784,26.514285714285712,27.362072644703424
127,443,Matz,Sels,16,1,85633,85633,2023,1440,0,0,1,27,0,0,0,1,0,37,1,206,293.2,10.0,0,30.3,16,0.0,0.09,0.09,20.5,57.8125,45,45,43.18,34,37.798,44.1109375,44.69180253825759
128,14,Aaron,Ramsdale,17,1,225321,225321,2019,3330,0,1,5,62,0,1,0,0,0,128,13,680,973.8,24.0,0,99.7,0,0.0,0.0,0.0,0.0,67.5392670157068,45,44,45.02,126,124.548,105.83403141361254,106.78855075378438
129,14,Aaron,Ramsdale,17,1,225321,225321,2020,3420,0,0,5,63,0,0,0,1,0,146,12,685,1023.0,20.0,4,104.7,0,0.0,0.0,0.0,0.0,69.85645933014354,50,46,45.896,123,122.178,113.65645933014353,114.09271910839864
130,14,Aaron,Ramsdale,17,1,225321,225321,2021,3060,0,0,12,39,0,0,0,1,0,90,14,641,690.2,1.0,0,69.0,0,0.0,0.0,0.0,0.0,69.76744186046511,45,51,50.904,135,135.422,93.48837209302324,94.69733161084045
131,14,Aaron,Ramsdale,17,1,225321,225321,2022,3420,0,0,14,43,0,0,0,1,0,94,9,664,764.8,0.0,0,76.5,38,0.0,0.02,0.02,42.31,68.61313868613139,50,48,49.54,143,144.008,91.59854014598541,91.14395922456607
132,14,Aaron,Ramsdale,17,1,225321,225321,2023,540,0,0,2,5,0,0,0,0,0,9,0,90,73.2,0.0,0,7.3,6,0.0,0.01,0.01,5.81,64.28571428571429,50,45,40.478,20,20.862,33.621428571428574,34.719251839780604
133,454,Gavin,Bazunu,17,1,456350,456350,2022,2880,0,0,4,56,0,1,0,0,0,69,3,485,633.0,10.0,0,64.2,32,0.0,0.05,0.05,46.75,55.55555555555556,45,44,44.572,84,89.902,61.77777777777778,62.17846309373185
134,469,Alex,McCarthy,17,1,58376,58376,2012,1170,0,0,2,23,0,0,0,0,0,74,1,0,0.0,0.0,0,0.0,0,0.0,0.0,0.0,0.0,76.28865979381443,40,40,41.182,48,43.128,31.278350515463917,34.28666014209753
135,469,Alex,McCarthy,17,1,58376,58376,2014,237,0,0,0,8,0,0,0,0,0,11,0,31,0.0,0.0,0,0.0,0,0.0,0.0,0.0,0.0,57.89473684210527,40,40,39.988,4,5.922,23.157894736842106,22.263375950692954
136,469,Alex,McCarthy,17,1,58376,58376,2015,630,0,0,0,9,0,0,0,0,0,32,0,121,0.0,0.0,0,0.0,0,0.0,0.0,0.0,0.0,78.04878048780488,40,38,40.642,20,21.334,29.658536585365855,32.05772324071558
137,469,Alex,McCarthy,17,1,58376,58376,2017,1620,0,0,4,26,0,0,0,2,0,42,3,278,280.8,0.0,0,28.1,0,0.0,0.0,0.0,0.0,61.76470588235294,45,44,44.222,52,52.466,46.38529411764706,46.002284161885086
138,469,Alex,McCarthy,17,1,58376,58376,2018,2250,0,0,4,44,0,0,0,1,0,78,6,414,585.2,0.0,0,58.6,0,0.0,0.0,0.0,0.0,63.934426229508205,45,43,43.158,73,75.968,68.79344262295082,69.25678381956223
139,469,Alex,McCarthy,17,1,58376,58376,2019,2520,0,0,7,35,0,1,0,0,0,79,8,491,652.0,10.0,0,66.0,0,0.0,0.0,0.0,0.0,69.56521739130434,45,45,45.68,104,102.382,82.78260869565217,83.36863477369943
140,469,Alex,McCarthy,17,1,58376,58376,2020,2700,0,0,7,57,0,0,0,2,0,93,8,527,741.2,0.0,0,74.0,0,0.0,0.0,0.0,0.0,62.0,45,44,44.988,94,104.542,78.12,79.76477337094963
141,469,Alex,McCarthy,17,1,58376,58376,2021,1530,0,0,5,27,0,0,0,1,0,44,3,286,334.4,10.0,0,34.5,0,0.0,0.0,0.0,0.0,61.97183098591549,45,43,43.758,55,54.956,49.88732394366197,49.7031032468132
142,469,Alex,McCarthy,17,1,58376,58376,2022,540,0,0,0,17,0,0,0,0,0,14,0,83,106.2,0.0,0,10.6,6,0.0,0.0,0.0,15.16,45.16129032258064,45,43,41.146,8,21.948,24.206451612903223,26.1774907307544
143,488,Fraser,Forster,18,1,40383,40383,2014,2623,0,0,13,21,0,0,0,1,0,61,0,442,0.0,0.0,0,0.0,0,0.0,0.0,0.0,0.0,74.39024390243902,50,53,55.504,118,119.77,39.426829268292686,41.802072319907424
144,488,Fraser,Forster,18,1,40383,40383,2015,1620,0,0,6,17,0,0,0,0,0,52,3,310,0.0,0.0,0,0.0,0,0.0,0.0,0.0,0.0,75.36231884057972,50,49,47.648,68,65.428,39.18840579710145,40.85963147243885
145,488,Fraser,Forster,18,1,40383,40383,2016,3420,0,0,14,48,0,1,0,3,0,76,4,625,553.6,10.0,0,56.4,0,0.0,0.0,0.0,0.0,61.6,50,50,53.712,134,136.492,68.0064,67.60086058781431
146,488,Fraser,Forster,18,1,40383,40383,2017,1800,0,0,4,30,0,1,0,0,0,69,6,351,488.2,0.0,0,48.9,0,0.0,0.0,0.0,0.0,70.0,50,46,45.86,73,68.166,70.63,69.98353164038136
147,488,Fraser,Forster,18,1,40383,40383,2018,90,0,0,0,3,0,0,0,0,0,3,0,13,22.2,0.0,0,2.2,0,0.0,0.0,0.0,0.0,50.0,45,42,41.332,2,1.726,22.1,22.338285272227907
148,488,Fraser,Forster,18,1,40383,40383,2020,720,0,0,2,11,0,1,0,0,0,20,0,147,191.0,0.0,0,19.1,0,0.0,0.0,0.0,0.0,65.625,40,40,43.554,30,26.116,38.784375000000004,37.61523880532824
149,488,Fraser,Forster,18,1,40383,40383,2021,1710,0,0,3,35,0,0,0,1,0,68,6,330,559.8,0.0,0,56.2,0,0.0,0.0,0.0,0.0,66.01941747572816,45,44,43.944,57,57.316,70.11262135922331,70.28023641000719
150,488,Fraser,Forster,18,1,40383,40383,2022,1215,0,0,3,24,0,1,0,1,0,32,1,222,267.8,0.0,0,26.9,13,0.0,0.0,0.0,19.21,57.89473684210527,40,39,41.056,40,42.294,38.731578947368426,37.72699788399319
151,508,Guglielmo,Vicario,18,1,184254,184254,2023,3420,0,0,7,61,0,0,0,2,0,110,9,730,974.2,0.0,0,97.4,38,0.0,0.0,0.0,63.58,64.32748538011695,50,53,50.906,112,118.964,102.53801169590643,104.03627893608795
152,513,Alphonse,Areola,19,1,84182,84182,2020,3240,0,0,9,48,0,0,0,2,0,116,9,637,876.2,0.0,0,87.4,0,0.0,0.0,0.0,0.0,70.73170731707317,45,45,46.262,124,124.7,100.01463414634148,100.13022145152762
153,513,Alphonse,Areola,19,1,84182,84182,2021,90,0,0,0,1,0,0,0,0,0,2,0,11,20.4,0.0,0,2.0,0,0.0,0.0,0.0,0.0,66.66666666666666,50,47,41.23,2,1.67,32.66666666666666,33.6409134814386
154,513,Alphonse,Areola,19,1,84182,84182,2022,307,0,0,0,7,0,0,0,0,0,9,0,42,69.4,0.0,0,6.8,2,0.0,0.0,0.0,7.63,56.25,45,43,42.138,7,8.216,28.0125,28.51456755274956
155,513,Alphonse,Areola,19,1,84182,84182,2023,2700,0,0,4,53,1,2,0,1,0,138,11,598,1023.2,0.0,0,102.4,31,0.0,0.0,0.0,54.72,72.53886010362694,40,42,43.524,116,112.442,112.72538860103627,112.28819105090072
156,521,Łukasz,Fabiański,19,1,37096,37096,2007,248,0,0,0,2,0,0,0,0,0,8,0,0,0.0,0.0,0,0.0,0,0.0,0.0,0.0,0.0,80.0,50,46,44.918,15,12.234,36.800000000000004,37.018925326646574
157,521,Łukasz,Fabiański,19,1,37096,37096,2008,463,0,0,0,10,0,0,0,0,0,18,0,0,0.0,0.0,0,0.0,0,0.0,0.0,0.0,0.0,64.28571428571429,50,46,45.162,20,17.526,29.571428571428573,29.245046325363262
158,521,Łukasz,Fabiański,19,1,37096,37096,2009,360,0,0,0,5,0,0,0,1,0,11,0,0,0.0,0.0,0,0.0,0,0.0,0.0,0.0,0.0,68.75,50,49,46.95,15,14.008,33.6875,34.0982745208606
159,521,Łukasz,Fabiański,19,1,37096,37096,2010,1260,0,1,5,14,0,0,0,0,0,33,2,0,0.0,0.0,0,0.0,0,0.0,0.0,0.0,0.0,70.2127659574468,50,45,46.046,55,49.392,33.0,32.647936182056334
160,521,Łukasz,Fabiański,19,1,37096,37096,2012,360,0,0,1,3,0,0,0,0,0,7,0,0,0.0,0.0,0,0.0,0,0.0,0.0,0.0,0.0,70.0,45,42,43.196,13,13.778,29.4,29.7022462196082
161,521,Łukasz,Fabiański,19,1,37096,37096,2013,90,0,0,1,0,0,0,0,0,0,5,0,8,0.0,0.0,0,0.0,0,0.0,0.0,0.0,0.0,100.0,45,42,41.098,7,4.614,42.0,41.95612907937377
162,521,Łukasz,Fabiański,19,1,37096,37096,2014,3307,0,0,13,47,0,0,0,0,1,137,9,626,0.0,0.0,0,0.0,0,0.0,0.0,0.0,0.0,74.45652173913044,50,53,52.37,151,142.856,46.16304347826087,47.922974468400994
163,521,Łukasz,Fabiański,19,1,37096,37096,2015,3330,0,1,9,51,0,0,0,1,0,114,4,686,0.0,0.0,0,0.0,0,0.0,0.0,0.0,0.0,69.0909090909091,50,47,47.194,123,125.188,35.236363636363635,35.59935429001497
164,521,Łukasz,Fabiański,19,1,37096,37096,2016,3330,0,0,8,69,0,1,0,1,0,117,8,650,780.4,0.1,0,78.1,0,0.0,0.0,0.0,0.0,63.10160427807487,50,48,47.608,116,117.772,84.6192513368984,83.4751790778205
165,521,Łukasz,Fabiański,19,1,37096,37096,2017,3420,0,0,9,56,0,3,0,0,0,137,14,772,1087.8,10.0,0,109.9,0,0.0,0.0,0.0,0.0,71.42857142857143,45,47,47.918,157,149.9,122.07142857142858,121.46538292308968
166,521,Łukasz,Fabiański,19,1,37096,37096,2018,3420,0,0,7,55,0,1,0,0,0,148,15,742,1136.0,20.0,0,115.5,0,0.0,0.0,0.0,0.0,73.0392156862745,45,47,47.754,143,137.06,129.64460784313724,128.86476779862056
167,521,Łukasz,Fabiański,19,1,37096,37096,2019,2117,0,0,5,34,0,1,0,1,0,72,5,414,531.2,0.0,0,53.2,0,0.0,0.0,0.0,0.0,68.22429906542055,50,49,47.086,83,80.102,73.13644859813084,73.1499628531899
168,521,Łukasz,Fabiański,19,1,37096,37096,2020,3150,0,0,10,44,0,1,0,2,0,102,11,634,745.2,0.0,0,74.4,0,0.0,0.0,0.0,0.0,70.06802721088435,50,50,49.84,133,130.586,94.87210884353742,95.00545040869184
169,521,Łukasz,Fabiański,19,1,37096,37096,2021,3330,0,0,8,50,0,3,0,2,0,114,9,661,918.6,0.0,0,91.8,0,0.0,0.0,0.0,0.0,70.05988023952095,50,50,49.516,136,132.644,105.65029940119761,105.26691143892025
170,521,Łukasz,Fabiański,19,1,37096,37096,2022,3111,0,0,9,48,0,1,0,1,0,109,10,622,772.0,0.0,0,77.0,36,0.0,0.0,0.0,45.55,69.62025316455697,50,49,48.54,127,125.044,94.68354430379748,93.6667944354748
171,521,Łukasz,Fabiański,19,1,37096,37096,2023,721,0,0,1,21,0,0,0,0,0,33,1,152,245.6,0.0,0,24.6,7,0.0,0.0,0.0,17.0,61.11111111111112,45,42,41.128,24,27.098,41.31111111111111,41.70573564613028
172,522,Wes,Foderingham,19,1,82143,82143,2023,2648,0,0,1,79,1,0,0,2,0,133,7,531,966.0,10.0,0,97.7,29,0.0,0.05,0.05,62.03,62.735849056603776,45,44,42.876,70,98.948,93.2882075471698,97.59420811750206
173,204,Sam,Johnstone,20,1,101982,101982,2020,3330,0,1,6,74,0,1,0,1,0,166,19,768,1213.6,10.0,0,122.4,0,0.0,0.0,0.0,0.0,69.29460580912863,45,46,47.054,140,133.818,129.85809128630706,129.06072990546528
174,204,Sam,Johnstone,20,1,101982,101982,2022,810,0,0,3,10,0,0,0,1,0,26,5,159,177.4,0.0,0,17.8,9,0.0,0.0,0.0,8.81,72.22222222222221,45,44,42.402,36,34.248,48.24444444444443,48.02720467758304
175,204,Sam,Johnstone,20,1,101982,101982,2023,1796,0,0,6,27,0,0,0,1,0,41,7,310,321.4,0.0,0,32.2,20,0.0,0.0,0.0,27.17,60.29411764705882,45,43,43.476,68,66.044,49.561764705882354,49.37273965115672
176,536,Daniel,Bentley,20,1,79602,79602,2022,180,0,0,0,3,0,0,0,0,0,11,0,45,70.2,0.0,0,7.0,2,0.0,0.0,0.0,4.66,78.57142857142857,40,40,40.284,6,6.244,36.92857142857143,37.15465739193999
177,536,Daniel,Bentley,20,1,79602,79602,2023,382,0,0,2,7,0,0,0,0,0,8,1,73,70.8,0.0,0,7.1,3,0.0,0.0,0.0,7.79,53.333333333333336,40,39,40.19,18,16.078,25.12,24.67151222819424
178,554,José,Malheiro de Sá,20,1,149065,149065,2021,3285,0,1,11,40,1,0,0,3,0,121,11,722,947.0,30.0,0,97.5,0,0.0,0.0,0.0,0.0,75.15527950310559,50,52,51.408,146,145.002,120.62422360248446,120.55085900017919
179,554,José,Malheiro de Sá,20,1,149065,149065,2022,3240,0,0,11,55,0,2,0,2,0,108,18,683,862.2,0.0,0,86.4,36,0.0,0.0,0.0,54.63,66.66666666666666,50,50,50.256,148,145.014,102.93333333333331,102.96602473555394
180,554,José,Malheiro de Sá,20,1,149065,149065,2023,3037,0,1,4,58,0,0,0,1,0,134,8,622,1003.4,11.0,0,101.6,35,0.0,0.0,0.0,59.38,69.79166666666666,50,50,48.082,107,109.312,111.38749999999997,111.53889537513955
