second_name_defender,season_name,element_code,start_cost,end_cost,goals_scored,assists,minutes,clean_sheets,goals_conceded,expected_goal_involvements,goals_scored_per_90,assists_per_90,expected_goals,expected_assists,expected_goals_per_90,expected_assists_per_90,yellow_cards,red_cards,total_points,ict_index,influence,creativity,threat,bonus,penalties_missed,penalties_saved,starts,clean_sheets_per_90,defensive_effectiveness,expected_goals_conceded,goals_conceded_per_90,defensive_effectiveness_trend,goals_conceded_trend,clean_sheets_trend,first_name_defender,id_defender,id_ref,second_name_ref,first_name_ref,ACR,EAC,OII,OE,OAI,MOA,Assist Efficiency,OII_Assist_Interaction,DCB,OASIS
Aarons,2019,232980,45,42,0,5,7352,11,175,0.93,0.0,0.06368998840406437,0.04,0.89,0.0009732360097323333,0.021654501216545,16,0,149,83.9,419.2,272.46666666666664,149.33333333333334,5,0,0,13,0.13663923606738806,-0.8365397330052028,26.75,2.227988568580395,-0.0516031998359347,-6.333333333333332,-0.6666666666666667,Max,59,59,Aarons,Max,0.0006800870511425463,0.022627737226277332,69.44577366318788,2.4960376234739896e-06,217.20666666666668,1239.797639123103,0.0007641427540927486,0.053066484747090054,2.145380137306925,71.21992323899924
Adarabioyo,2020,109646,45,45,3,1,6653,18,105,2.2800000000000002,0.051524106345375374,0.0101591601760921,1.49,0.79,0.02470092738640463,0.012706428992227398,7,0,215,77.63333333333334,540.0,66.5,167.66666666666666,14,0,0,41,0.24600476062095522,-0.4784200251917415,72.1,1.4420548236003088,-0.0441541372149023,-3.0,-1.5,Tosin,187,187,Adarabioyo,Tosin,0.0006012325266796934,0.03740735637863203,30.090324057257646,9.041090626762307e-06,261.35999999999996,1059.3949044585986,0.00019026345781002956,0.0057250891017581575,3.9881928194470504,64.30832901900683
Aguerd,2022,210494,50,48,3,0,3451,7,72,4.24,0.0806943647725821,0.0,3.6,0.64,0.09615353820769726,0.01642847876629435,5,1,94,62.900000000000006,433.79999999999995,63.0,131.5,5,0,0,38,0.18961959529171385,-0.666832203963571,67.21000000000001,1.856700105200641,-0.1473842742270591,8.0,-1.5,Nayef,529,529,Aguerd,Nayef,0.0008693132425383947,0.11258201697399162,25.782277745909035,1.3798622897434835e-05,208.47,476.6574585635359,0.0,0.0,2.349849284099474,52.00717189233638
Aina,2016,159506,50,45,3,2,4380,10,75,1.35,0.0402740018124633,0.029012740551202038,0.34,1.01,0.006035502958579866,0.017928994082840235,6,0,150,48.13333333333333,266.8,143.79999999999998,70.0,10,0,0,20,0.12559304866997173,-0.3888480196172505,29.01,1.0977130977130978,-0.19442400980862523,12.5,1.6666666666666667,Ola,422,422,Aina,Ola,0.001141552511415525,0.0239644970414201,35.784813422890345,7.938473653793639e-06,124.66666666666667,689.7637795275591,0.00045210000452100004,0.016178314310271866,1.812656280053859,39.24764637824335
Ajer,2021,191866,45,44,3,4,4584,17,79,4.06,0.04789630154246514,0.061542135733638564,1.26,2.8000000000000003,0.021616550797494735,0.0487488856893079,10,0,178,54.93333333333334,297.8666666666667,105.16666666666667,144.66666666666666,8,0,0,30,0.35972143951526475,-0.48564358331946317,40.75,1.5738303978139225,-0.026280438276272897,-2.833333333333334,-1.1666666666666665,Kristoffer,86,86,Ajer,Kristoffer,0.0015270506108202443,0.07036543648680263,35.53762116133708,1.4520291069606126e-05,172.68,414.4665461121158,0.00031164298180004984,0.011075050224799637,3.286975293769215,48.75153774401626
Akanji,2022,211975,50,51,2,1,4796,18,46,5.6899999999999995,0.035828025477707,0.01970227670753065,2.91,2.7800000000000002,0.0541683979943556,0.05157133674300306,4,1,194,84.4,461.0,222.6,158.5,13,0,0,52,0.334970077080103,-0.21208183207469294,47.42,0.8651746572668355,0.0401073097816993,0.0,2.0,Manuel,340,340,Akanji,Manuel,0.0006255212677231026,0.10573973473735865,60.390241893203346,2.8100685881541e-06,234.42999999999998,551.8987341772153,7.500255008670294e-05,0.00452942214234309,6.032203389830508,71.04229191391666
Aké,2012,126184,40,40,18,11,17722,53,272,6.46,0.08734085217323641,0.03893374903816723,4.0200000000000005,2.44,0.015298590892874877,0.009404349026165075,21,1,709,57.03333333333333,354.34999999999997,72.38333333333334,143.16666666666666,53,0,0,46,0.2295741787119672,-0.33445072650260405,37.620000000000005,1.0657009949684775,0.011208591454708426,1.6727272727272726,0.49090909090909096,Nathan,341,341,Aké,Nathan,0.0016363841552872137,0.024702939919039952,28.839949798914077,2.2607195329779602e-05,189.295,499.7743936830231,0.000254384195988685,0.007336427441950795,1.8180550681575605,49.395496273231814
Alexander-Arnold,2016,169187,45,43,15,66,18330,84,199,20.24,0.06459790769476362,0.2724470581124612,5.14,15.1,0.02361248475218665,0.06616751040284745,26,0,1132,190.7,653.7249999999999,948.675,303.625,157,0,0,59,0.36844586228573317,-0.2465503967245521,71.06,0.9848218540971134,0.022603734947586416,4.457142857142857,1.7142857142857142,Trent,311,311,Alexander-Arnold,Trent,0.0044189852700491,0.0897799951550341,220.20507328051167,4.65806021034506e-06,386.06999999999994,181.05491900434612,0.00023845395129036103,0.05250876981792151,1.0931653033395794,165.29737885318082
Andersen,2020,174874,45,45,4,8,11841,39,168,6.74,0.029505787100638024,0.05889011238836267,3.62,3.12,0.02665065084677845,0.022111449145308475,25,1,418,109.525,686.45,201.95000000000002,204.75,34,0,0,70,0.2974273115480856,-0.38653815580553197,89.94,1.2637727010619155,-0.010121244313337833,2.0,0.25,Joachim,191,191,Andersen,Joachim,0.0010134279199391944,0.04876209999208693,60.894469348556775,5.018212032380264e-06,330.21500000000003,631.8569903948772,0.0002165444273374347,0.013186357993100197,3.364718423223864,90.40111342224144
Aït-Nouri,2020,448514,50,50,5,8,6620,17,110,7.029999999999999,0.06881880786365563,0.09436679545130103,4.38,2.65,0.0567374196960098,0.03521428896508085,16,0,259,78.275,320.7,266.42499999999995,194.75,22,0,0,38,0.24782433964602074,-0.4950124721458169,64.15,1.485355520010563,0.006424414046632435,1.5,0.4166666666666667,Rayan,533,533,Aït-Nouri,Rayan,0.001963746223564955,0.09195170866109065,72.81583756178085,7.370728060673567e-06,209.23999999999998,330.5042436345482,0.00045602234509490967,0.03320564900497332,1.5186654619752635,70.97496975081393
Badiashile,2022,242880,50,50,1,1,2241,7,40,2.65,0.0497787610619469,0.03365744203440535,1.53,1.12,0.07180874828734256,0.0409205988840423,5,0,75,41.3,278.1,68.25,66.0,6,0,0,25,0.30008737035100375,-0.47652087290923417,37.730000000000004,1.491389552624089,-0.2774058286614466,11.0,-0.5,Benoît,153,153,Badiashile,Benoît,0.000892458723784025,0.11272934717138486,20.2800087370351,1.3076318297201831e-05,124.69000000000001,481.9354838709677,0.00039841907311786827,0.008079942283831795,3.596608656849622,33.05031107433849
Barbosa Pereira,2018,111931,50,53,7,15,8038,23,122,0.82,0.09104907533599453,0.17371991164991712,0.12,0.7,0.00478935698447892,0.02793791574279378,16,0,351,91.2,447.68,273.26,191.2,38,0,0,5,0.18498312627506253,-0.5713565322945574,8.35,1.613374457011456,-0.04197457975951832,-5.15,-1.35,Ricardo,302,302,Barbosa Pereira,Ricardo,0.002736999253545658,0.0327272727272727,73.86053560362937,1.0016099149329057e-05,248.144,352.23488168273445,0.0026659083638431737,0.19690541962365207,0.6986585867962907,79.17410193206422
Barco,2023,543158,40,40,0,0,307,0,9,0.58,0.0,0.0,0.2,0.38,0.0586319218241042,0.111400651465798,1,0,5,15.5,44.8,69.6,39.0,0,0,0,3,0.0,-1.0553745928338762,5.1,2.6384364820846904,,,,Valentín,116,116,Barco,Valentín,0.0,0.1700325732899022,17.82,0.0,36.04,529.3103448275863,0.0,0.0,0.0,14.336
Bassey,2023,232892,45,44,1,0,2299,6,42,0.53,0.039147455415398,0.0,0.37,0.16,0.0144845585036972,0.0062635928664636,4,1,66,55.0,462.8,34.8,50.0,4,0,0,25,0.234884732492388,-0.5637233579817311,40.83,1.644193127446716,,,,Calvin,241,241,Bassey,Calvin,0.00043497172683775554,0.0207481513701608,11.97565898216616,1.2499187552809068e-05,174.84,1502.6143790849674,0.0,0.0,6.0,39.75839408438452
Bednarek,2017,171771,45,41,7,3,13133,31,253,0.68,0.0676966525610838,0.016722225207921184,0.42,0.26,0.0035593220338982997,0.0022033898305084667,32,1,375,73.33333333333333,548.8333333333334,59.666666666666664,122.83333333333333,36,0,0,21,0.23444649947842866,-0.565878735172621,36.14,1.6491433374099806,-0.07510832032901679,8.92,0.76,Jan,455,455,Bednarek,Jan,0.0007614406457016675,0.005762711864406767,24.248761995253474,1.2761575067625714e-05,240.73333333333332,1229.681647940075,0.000878585360425001,0.02130460729745984,2.777180953766569,57.84648775549781
Bella-Kotchap,2022,477386,45,45,0,2,1881,3,39,1.49,0.0,0.0956937799043062,1.05,0.44,0.0502392344497607,0.0210526315789473,4,0,49,60.6,422.4,76.4,105.0,5,0,0,24,0.1435406698564593,-0.6889952153110048,35.93,1.8660287081339717,,,,Armel,456,456,Bella-Kotchap,Armel,0.001063264221158958,0.071291866028708,25.808708133971294,1.3917070957577983e-05,191.33999999999997,538.9684813753581,0.0024165095935430865,0.06236699080269512,1.5,48.59204388381421
Boly,2018,90585,45,47,7,4,10048,33,143,2.65,0.047799190326447395,0.047926965163045426,1.61,1.04,0.017380416071493966,0.013958630919679133,9,3,397,65.61666666666666,445.93333333333334,68.2,141.66666666666666,38,0,0,27,0.2904570772105549,-0.43292568715552066,36.67,1.3727712950993567,-0.008447619462779481,-4.6,-0.6,Willy,425,425,Boly,Willy,0.0010947452229299363,0.0313390469911731,27.840164432346157,1.6051982740908158e-05,217.73666666666668,736.1172161172161,0.0003827780499755022,0.010656603852410797,3.034249894663704,54.68376580764368
Botman,2022,220237,45,45,2,4,4502,16,59,5.0,0.06545454545454545,0.09423612524348049,3.37,1.6300000000000001,0.05986558130069475,0.03335868825769685,4,0,180,78.25,484.9,91.6,203.5,12,0,0,50,0.2852620868098962,-0.4382210076460157,69.58,1.3808146059249355,-0.242506265081257,-0.5,-5.0,Sven,393,393,Botman,Sven,0.0013327410039982231,0.0932242695583916,38.72445265575486,1.4549574279456585e-05,262.87,409.27272727272725,0.0005450883451935472,0.02110824781665128,1.7863415912963694,68.06423539343767
Bradley,2023,492777,40,41,1,3,752,3,7,2.15,0.1196808510638297,0.3590425531914893,0.91,1.24,0.1089095744680851,0.1484042553191489,2,0,50,60.6,230.4,215.8,160.0,7,0,0,10,0.3590425531914893,-0.1914893617021277,7.47,0.8377659574468085,,,,Conor,313,313,Bradley,Conor,0.005319148936170213,0.257313829787234,59.31558510638298,2.4648512215802652e-05,161.24,122.27642276422763,0.0032172271791352093,0.19083171255056297,0.7500000000000001,55.97615150995196
Branthwaite,2019,480455,40,40,4,1,3802,13,67,2.91,0.106402563413639,0.0096277278562259,1.62,1.29,0.015596919127086,0.012419768934531434,8,1,142,41.666666666666664,315.2,24.066666666666666,76.33333333333333,13,0,0,35,0.21586718243524627,-0.8510355958264987,49.43,2.3434561720014924,-0.12451445343164395,8.166666666666666,1.6666666666666665,Jarrad,219,219,Branthwaite,Jarrad,0.0013150973172014729,0.028016688061617435,12.49211601038899,5.464393284770664e-05,141.06,480.6573957016435,0.00020389105693046093,0.002547030736656144,1.8604381672470278,33.209261322456456
Bree,2022,184386,45,45,0,0,366,0,12,0.34,0.0,0.0,0.03,0.31,0.0073770491803278,0.0762295081967213,1,0,4,14.0,63.8,66.2,11.0,0,0,0,4,0.0,-1.1803278688524592,9.23,2.950819672131148,,,,James,457,457,Bree,James,0.0,0.0836065573770491,14.340000000000002,0.0,27.439999999999998,1076.4705882352941,0.0,0.0,0.0,11.224
Bueno,2023,231480,45,45,0,0,819,0,18,0.01,0.0,0.0,0.0,0.01,0.0,0.001098901098901,1,0,13,20.3,173.8,27.1,2.0,0,0,0,9,0.0,-0.7912087912087913,20.71,1.978021978021978,,,,Santiago,564,564,Bueno,Santiago,0.0,0.001098901098901,5.620000000000001,0.0,57.2,81900.0,0.0,0.0,0.0,13.688000000000002
Bueno López,2022,490721,40,38,0,1,2034,5,45,2.16,0.0,0.03442999234889055,0.48,1.6800000000000002,0.025041544366436547,0.07652077639290705,2,0,70,43.1,181.7,195.64999999999998,53.0,3,0,0,23,0.2270864007055438,-0.704701906673304,35.61,1.9888411673888038,0.0114419341836202,-6.5,-0.5,Hugo,549,549,Bueno López,Hugo,0.0004916420845624386,0.1015623207593436,44.44032899770467,2.5128652418218173e-06,89.63,643.6708860759493,0.00029264409795383244,0.013005199992304825,6.595598349381024,35.70230835611704
Burn,2013,78916,40,40,5,3,13838,46,193,7.869999999999999,0.029221133155653084,0.01710425761139835,5.470000000000001,2.4000000000000004,0.028668736223039917,0.012340756784830065,27,0,476,81.89999999999999,466.2,160.5,192.83333333333334,20,0,0,67,0.2570826017169585,-0.4744139057515422,82.55,1.4431173660958139,0.14235153576625262,3.4,1.8399999999999999,Dan,395,395,Burn,Dan,0.0005781182251770487,0.041009493007869983,51.40015306387902,3.601982711383481e-06,252.65666666666664,871.9596723377442,9.033097268391385e-05,0.004643025822362246,5.549496668246272,71.09157702744976
Cabral Semedo,2020,200402,55,51,1,7,10831,31,168,4.09,0.00754274220583305,0.056323475073507025,1.5,2.6,0.011605902559699451,0.020106067334534274,27,2,341,101.25,476.3,331.825,204.0,25,0,0,67,0.2677521724880804,-0.4326036208926867,119.11000000000001,1.3492612247197973,0.0006194433877657335,-1.0,-0.4166666666666667,Nélson,559,559,Cabral Semedo,Nélson,0.0007386206259809805,0.03171196989423372,86.78491413940439,2.2259342303352086e-06,265.14,895.8643507030604,0.0002485742491282146,0.02157249486785902,4.192391281246195,87.74221209937447
Casey,2023,518438,40,40,0,0,1,0,0,0.0,0.0,0.0,0.0,0.0,0.0,0.0,0,0,1,0.2,2.0,0.0,0.0,0,0,0,0,0.0,0.0,0.0,0.0,,,,Kaelan,643,643,Casey,Kaelan,0.0,0.0,0.0,0.0,0.64,0.0,0.0,0.0,0.0,0.128
Cash,2020,199796,50,50,6,9,9705,31,150,8.03,0.04769858169485812,0.08476529881684007,4.61,3.42,0.04888680624164357,0.0377578160837285,26,1,357,108.19999999999999,510.95,298.775,272.25,26,0,0,43,0.2720174537041051,-0.45237761591841397,63.92,1.40296149350014,-0.029427178336057864,0.8333333333333334,-1.0833333333333333,Matty,32,32,Cash,Matty,0.0015455950540958269,0.08664462232537207,87.024509022323,5.17310703404176e-06,311.04999999999995,421.40686061658704,0.0002711570270343556,0.02359730714561756,2.0535217045833307,97.02029440314813
Castagne,2020,166477,55,58,6,11,10354,29,170,7.640000000000001,0.052163003669879825,0.0916946997416415,3.45,4.1899999999999995,0.025966997249040648,0.032347076448634125,8,0,388,104.57499999999999,526.8,316.6,200.5,31,0,0,65,0.2534243552983029,-0.47882884400546283,101.85,1.4504964653119599,-0.0009742202121976682,1.8333333333333333,0.4166666666666667,Timothy,244,244,Castagne,Timothy,0.0016418775352520765,0.05831407369767477,83.41837361139045,5.18596820989285e-06,279.205,420.2110389610389,0.0002535540206061048,0.02115106402159024,1.7616321496065712,89.20886736321883
Cavaco Cancelo,2019,121145,55,51,5,17,8003,44,73,2.36,0.06190423358505877,0.1512106810611114,0.83,1.53,0.014670070699135875,0.02704241948153965,19,2,457,139.45,476.95,503.475,415.5,58,0,0,16,0.4689614016014256,-0.1596613660017404,13.34,0.8681148166057766,0.006530582010484902,2.4166666666666665,2.0,João,353,353,Cavaco Cancelo,João,0.002748969136573785,0.04171249018067552,142.31512489775236,5.4599913333805745e-06,378.72499999999997,328.5303776683087,0.001388368250794841,0.19758580101594175,2.200509534398526,132.67201348666697
Chalobah,2021,180736,50,47,4,1,3997,17,47,1.5,0.09380987370403354,0.020732550103662734,1.02,0.48,0.021687841305717066,0.0110542080851733,7,0,187,49.93333333333333,317.06666666666666,81.73333333333333,100.33333333333333,16,0,0,28,0.3751210639603206,-0.28150477605869356,46.25,1.0788830041070545,-0.14075238802934675,3.333333333333333,-1.6666666666666665,Trevoh,159,159,Chalobah,Trevoh,0.0012509382036527395,0.032742049390890364,26.42374371451271,1.5305116684168915e-05,155.27333333333334,614.9230769230769,0.0005212242515219748,0.013772696040005375,3.274953082799315,41.624591556358006
Chilwell,2016,172850,45,43,12,22,13142,47,175,6.789999999999999,0.12350768768166931,0.14806829743214212,2.68,4.11,0.0292037922648496,0.04421575750447687,21,1,604,92.4875,364.925,361.6,198.0,42,0,0,24,0.3192836798659219,-0.3768967896148151,30.75,1.2615256539029598,0.08777839146859383,-0.17142857142857132,0.7142857142857143,Ben,160,160,Chilwell,Ben,0.002587125247298737,0.07341954976932646,92.21382356430232,7.154660529034117e-06,226.97500000000002,322.18681049276785,0.0004073046761168757,0.03755912154035687,1.1756697843961321,82.28134629376274
Clyne,2012,57328,40,41,4,16,21212,71,289,1.02,0.010666339802198364,0.066102573467132,0.21,0.8099999999999999,0.001287027579162409,0.0042840305761654,24,0,777,28.7,131.65454545454546,110.6,44.27272727272727,48,0,0,33,0.31429193237990716,-0.35075003333284616,47.91,1.1911670157120227,0.01229920437014332,-3.3200000000000003,-0.22000000000000003,Nathaniel,196,196,Clyne,Nathaniel,0.0009428625306430323,0.00557105815532781,26.57137003523375,8.524977673083475e-06,67.37272727272726,1009.1341579448144,0.0009312222524869455,0.0247438510558745,4.094000018956484,24.103469449623393
Coady,2012,94147,40,40,6,1,15601,50,208,1.33,0.02955647966200235,0.00716332378223495,0.84,0.49,0.00601719197707735,0.0035100286532951165,21,0,534,60.78333333333333,504.73333333333335,40.03333333333333,62.5,35,0,0,23,0.24114028720246475,-0.30405622442760877,36.88,1.0012808482714868,-0.07297349386262605,8.32,2.0,Conor,288,288,Coady,Conor,0.00044868918659060316,0.009527220630372467,14.270638255666137,1.120788975663455e-05,194.82666666666665,1872.8691476590636,0.00013081317393312045,0.001866787484275097,6.567036437672126,44.673736323673154
Coleman,2009,59949,45,45,22,31,28653,107,380,1.92,0.051119855324835366,0.136733746049481,0.3,1.62,0.0010882708585247868,0.0096913730432985,34,2,1236,38.36666666666667,190.56,107.85333333333332,85.0,100,0,0,27,0.3178835833773006,-0.38471920397526654,43.980000000000004,1.279681593315467,0.041961462694744045,1.6857142857142857,0.4142857142857143,Séamus,221,221,Coleman,Séamus,0.0018497190521062367,0.010779643901823286,30.132134732611448,1.7150318816660623e-05,107.34133333333334,521.7225054624909,0.0006678463849906049,0.020123637253224403,1.692187858266752,33.52174226006538
Collins,2021,432830,45,43,3,1,6130,16,114,2.98,0.0472531720251456,0.011325028312570767,1.82,1.16,0.0218168447132879,0.0142375179239991,7,2,188,75.73333333333333,508.93333333333334,89.53333333333335,156.66666666666666,15,0,0,48,0.23535729131813496,-0.5688824235947779,74.53999999999999,1.65756335030508,-0.058093906408167355,6.0,0.16666666666666652,Nathan,88,88,Collins,Nathan,0.0006525285481239804,0.036054362637287,33.59563211063717,7.28810738783299e-06,246.16,878.2234957020057,0.00014063115261292683,0.004724592466478761,4.01783069403375,62.670462665934565
Colwill,2022,460028,45,44,1,3,3012,8,47,3.54,0.02508361204013375,0.09897523765589725,2.7,0.8400000000000001,0.08445145559088585,0.024747516351714252,3,0,111,53.05,315.4,107.55000000000001,106.5,10,0,0,33,0.2362554986243142,-0.4767121933538725,50.629999999999995,1.4280359820089954,0.055307511079625,2.5,1.0,Levi,162,162,Colwill,Levi,0.0013280212483399733,0.1091989719426001,32.19972601611283,1.2347942801859353e-05,158.48000000000002,399.46949602122015,0.0011857332574464047,0.038180286017967205,1.9043824701195233,44.576407386145384
Coufal,2020,164555,45,48,0,22,10531,23,184,5.35,0.0,0.17840233959122473,0.63,4.72,0.00546278139461915,0.039623948096769473,16,2,341,115.55,544.4,475.5,134.25,26,0,0,60,0.19833819171937583,-0.5426873201789433,96.47999999999999,1.555056492166734,-0.047300488520682436,1.0,-1.0833333333333333,Vladimír,516,516,Coufal,Vladimír,0.0020890703636881587,0.04508672949138862,108.57852070187737,4.393418220164372e-06,253.555,385.04570383912244,0.00044259965332376245,0.04805681562105789,1.1117465845673904,94.14307926182539
Cresswell,2014,55459,55,56,10,34,24795,65,391,3.65,0.030131283467150584,0.1045586174788792,0.36,3.29,0.0014496644295301999,0.02066444510191687,33,1,905,83.17,359.02000000000004,373.61,97.3,87,0,0,28,0.2048308836365464,-0.5182487634680519,38.76,1.500452792306676,-0.0154429162517118,-1.3777777777777775,-0.35555555555555557,Aaron,517,517,Cresswell,Aaron,0.0017745513208308127,0.02211410953144707,84.49542009863053,4.74974256800089e-06,172.99,520.3567681007345,0.00041679155089974874,0.03521697718683402,1.5207590338834838,68.39674208400356
Cucurella Saseta,2021,179268,50,49,1,6,6541,21,92,3.51,0.009711880867594667,0.09613827595037332,1.54,1.97,0.026348104241274733,0.03424967244399623,20,0,235,101.43333333333334,472.8666666666666,405.7333333333333,133.66666666666666,25,0,0,41,0.2819820004228366,-0.40460881154502704,57.21,1.293504029285404,-0.0391448071969227,-4.166666666666666,-2.0,Marc,163,163,Cucurella Saseta,Marc,0.001070172756459257,0.060597776685270964,94.54605956846547,2.6376259196333973e-06,228.98,622.3596574690771,0.00046562991579082974,0.044023473755219346,2.6639733836933757,83.61479144220472
Dalot Teixeira,2018,216051,55,53,3,7,8197,24,137,8.07,0.019706467277109764,0.06942074703958284,4.16,3.91,0.030297836979360636,0.02629456223076434,17,1,298,82.2,365.64,312.32,144.2,37,0,0,59,0.19693466016352182,-0.5151513787057508,99.03,1.4848131069278987,0.022847437781441403,2.3499999999999996,0.95,Diogo,369,369,Dalot Teixeira,Diogo,0.001219958521410272,0.056592399210124975,76.91270881102271,3.906117192015471e-06,198.23199999999997,453.62479247371334,0.00021840689641616123,0.016798266026375408,2.2095906584016056,70.41187135265515
Davies,2012,115556,40,44,10,25,22687,77,300,5.390000000000001,0.03488271808051158,0.10384430619749359,3.3499999999999996,2.04,0.01949166511980759,0.008767149959243624,39,0,911,56.10833333333333,266.0833333333333,190.875,103.5,55,0,0,38,0.2941738492416317,-0.35821469733109246,49.019999999999996,1.189710592569363,0.006578188614952927,-2.1999999999999997,-0.18181818181818182,Ben,484,484,Davies,Ben,0.0015427337241592102,0.028258815079051213,48.570106379091456,8.08242946514321e-06,142.79666666666665,561.6984402079722,0.0005401728726047654,0.02623625388551287,2.1205230255073833,47.987892722374426
Davis,2020,455084,40,38,0,0,31,0,0,0.0,0.0,0.0,0.0,0.0,0.0,0.0,0,0,2,0.3,2.8,0.6,0.0,0,0,0,0,0.0,0.0,0.0,0.0,,,,Leif,267,267,Davis,Leif,0.0,0.0,0.12,0.0,0.8999999999999999,0.0,0.0,0.0,0.0,0.22799999999999998
Dawson,2011,60232,45,43,21,8,24721,68,390,3.8,0.060197606572846035,0.03386312174502098,3.1100000000000003,0.69,0.01074164415573505,0.0023749068202289,52,2,826,58.71666666666667,344.6333333333334,67.025,174.5,38,0,0,50,0.21759979693792952,-0.4831707332980469,74.3,1.4255266301830467,0.016132547641731818,2.3818181818181823,0.4545454545454545,Craig,542,542,Dawson,Craig,0.0011730917034100561,0.01311655097596395,30.889237979152647,1.7502300684969134e-05,202.38333333333335,753.689024390244,0.0004690021802738856,0.014487119959221504,2.3133968961262656,52.83276068605678
Digne,2018,101188,50,54,6,30,15013,47,237,6.8100000000000005,0.03653354051971237,0.16478707209501567,1.42,5.390000000000001,0.010497692474904249,0.04086902844275498,31,2,616,156.0,580.5666666666667,773.0166666666668,204.66666666666666,73,0,0,45,0.27129925715000397,-0.4654976265031214,67.56,1.4350433234078073,-0.03884493643362358,0.35999999999999943,-1.24,Lucas,36,36,Digne,Lucas,0.0023979218011057086,0.05136672091765923,175.1340495378364,3.1020311779897474e-06,307.7033333333333,350.6890913338005,0.0003707362092000167,0.0649285336275054,1.3475980110849142,131.59504293196247
Diop,2018,219924,45,42,7,2,11506,27,190,1.46,0.05055038379988913,0.02103369568694453,0.55,0.9099999999999999,0.0049070233472294665,0.00808762490445805,19,1,357,59.300000000000004,459.2,35.766666666666666,96.83333333333333,23,0,0,37,0.21502211946767988,-0.5197036211997889,69.06,1.5142811724671519,-0.02000159636067656,-2.72,-0.6,Issa,245,245,Diop,Issa,0.0007822005909960021,0.012994648251687516,16.863196928892705,2.186954122076427e-05,198.03666666666666,1100.0,0.00019101357533479906,0.003221099536962599,3.003770126110632,46.35286586642525
Disasi,2023,220362,50,49,2,0,2579,5,50,3.81,0.0697944939899185,0.0,2.35,1.46,0.0820085304381543,0.0509499806126405,6,0,71,85.1,573.2,105.5,172.0,6,0,0,29,0.1744862349747964,-0.6281504459092672,43.96,1.7448623497479645,,,,Axel,167,167,Disasi,Axel,0.0007754943776657619,0.13295851105079481,38.32791779759597,7.350657608206274e-06,274.98,443.88984509466434,0.0,0.0,2.500000000000002,70.3273997673517
Doherty,2011,87835,40,40,12,22,9930,31,128,2.76,0.09474050039875863,0.15949929993573214,1.63,1.13,0.024423293152580645,0.014969340932472656,10,1,502,83.77142857142857,322.37142857142857,224.75714285714284,290.0,42,0,0,16,0.24246995772041052,-0.3185040163686751,31.77,1.0387299986420981,-0.06171015396262397,2.9,0.7666666666666666,Matt,543,543,Doherty,Matt,0.0034239677744209466,0.0393926340850533,74.0371745615688,1.5234077684450918e-05,258.4657142857143,270.1305767138194,0.0019606270441764923,0.14515928671982764,0.9537057431661161,81.30923593480713
Dunk,2017,83299,45,45,16,7,21415,64,336,7.949999999999999,0.06819664926139885,0.028231010706091984,4.82,3.14,0.020743400996973645,0.013609769456754458,39,5,739,127.68571428571428,772.7142857142857,145.95714285714286,356.57142857142856,72,0,0,69,0.27021293527042095,-0.454620439533086,96.19,1.4067640341031358,0.005214219011038384,-1.4666666666666661,-0.09999999999999998,Lewis,120,120,Dunk,Lewis,0.0010740135419098763,0.0343531704537281,64.88431939148782,7.358417141400738e-06,435.6371428571428,691.9224555735057,0.00010409990021280993,0.006754451174029971,2.802234704871188,113.08148894207629
Estupiñán,2022,204214,45,50,3,10,3916,13,69,8.9,0.08929248913314465,0.22649669929433186,2.8,6.1,0.06652358188893585,0.14573022015544204,8,0,185,125.75,463.0,570.25,226.5,22,0,0,46,0.27698286234593994,-0.555472450760409,68.1,1.6656639892469625,-0.1111942159062577,-8.5,-3.5,Pervis,122,122,Estupiñán,Pervis,0.003319713993871297,0.21225380204437788,136.80366600544156,5.8215063461136295e-06,277.3,178.81278538812788,0.0004186272375625848,0.05726974078829249,0.8771131897365487,110.18250417909856
Evans,2007,37642,45,44,14,15,31269,94,408,0.6799999999999999,0.03369665095558124,0.03599502011596164,0.23,0.45,0.0010850148946723059,0.0019357936449317529,56,3,1217,33.9,226.15294117647062,41.705882352941174,70.52941176470588,95,0,0,27,0.2552424357889671,-0.3770882285385131,47.47,1.1979630071352498,-0.006915236934440136,0.8999999999999999,0.38749999999999996,Jonny,371,371,Evans,Jonny,0.0009274361188397455,0.0030208085396040587,15.418394813475846,2.2237537405184305e-05,109.89058823529413,1053.5377358490566,0.0010660185274020061,0.016436294533964252,3.662452512107863,28.145860405137558
Faes,2022,218218,45,42,1,2,2786,7,51,1.78,0.0323043790380473,0.0646087580760947,1.2,0.58,0.0387652548456568,0.0187365398420674,4,1,78,93.8,712.2,115.9,110.0,5,0,0,31,0.2261306532663316,-0.5685570710696339,52.76,1.6475233309404165,,,,Wout,291,291,Faes,Wout,0.0010768126346015793,0.0575017946877242,34.21230437903805,9.290876916320787e-06,287.41999999999996,582.8451882845188,0.0012377156719558383,0.04234510530365875,2.3333333333333357,71.16936856697279
Fofana,2020,444463,50,50,1,1,4252,10,61,1.03,0.022026431718061665,0.013274336283185834,0.74,0.29,0.016299559471365632,0.006387665198237867,13,0,125,45.73333333333333,309.3333333333333,65.83333333333333,79.66666666666667,11,0,0,14,0.1845922650374718,-0.43024220720996675,22.96,1.2601977830623887,-0.0319352628970188,-4.833333333333334,-1.8333333333333333,Wesley,189,189,Fofana,Wesley,0.00047036688617121356,0.0226872246696035,21.146126206905514,7.144813460828561e-06,141.78,1403.300330033003,0.0008109773899503683,0.017149030238837314,5.229128868554602,36.81467269056705
Gato Alves Dias,2020,171314,55,59,3,6,9798,49,83,5.01,0.026656365920929573,0.05476965205170843,2.74,2.27,0.027466120964787,0.02081353845394605,12,0,451,91.975,557.0,152.1,208.75,28,0,0,50,0.44633278467247883,-0.12607899827894045,42.480000000000004,0.7615302803698301,-0.025142759069882403,-0.08333333333333333,-1.5833333333333333,Rúben,361,361,Gato Alves Dias,Rúben,0.0009185548071034905,0.04827965941873305,51.32209344198388,6.039150605545631e-06,289.87,699.3576017130621,0.0002697664631728313,0.013844979630469552,5.481451700394612,78.503139919882
Gilchrist,2023,514280,40,40,1,0,200,1,6,0.37,0.45,0.0,0.32,0.05,0.144,0.0225,1,0,20,11.1,70.6,8.6,33.0,0,0,0,2,0.45,-0.8999999999999998,5.46,2.7,,,,Alfie,170,170,Gilchrist,Alfie,0.005,0.16649999999999998,5.2,0.0005813953488372093,39.89999999999999,145.985401459854,0.0,0.0,1.0,10.061499999999999
Gomes,2021,510362,45,44,2,4,4109,8,69,2.83,0.04150126308191986,0.04330566582461203,1.9700000000000002,0.86,0.028274990977986265,0.013875857091302735,14,0,131,44.36666666666667,289.0,65.56666666666666,88.0,10,0,0,41,0.1660050523276795,-0.5175748827138217,74.33,1.4599422591122337,0.04121255864308915,8.5,1.3333333333333333,Toti António,567,567,Gomes,Toti António,0.0014602092966658554,0.042150848069288996,21.942925538313485,2.2270604422966787e-05,139.57333333333332,465.3454133635334,0.0011319451912138415,0.024838189044257344,1.957446808510639,36.692388139300185
Gomez,2015,171287,45,42,0,6,9548,48,99,2.96,0.0,0.08436800896956641,1.22,1.7400000000000002,0.008015774702073312,0.011952309134564125,25,0,433,38.475,231.2,118.73750000000001,34.0,33,0,0,32,0.44661370589122995,-0.2233368819112031,52.36,1.0049559106692378,-0.01868381394113213,1.2285714285714284,0.39999999999999997,Joe,322,322,Gomez,Joe,0.0006284038542103058,0.019968083836637437,27.17281040269087,5.2923790227207554e-06,94.055,1065.625,0.00036115164035075044,0.009813505049871744,5.29363809038488,29.680348797396654
Gusto,2023,482609,40,43,0,6,1746,5,28,4.4,0.0,0.3092783505154639,1.01,3.39,0.052061855670103,0.1747422680412371,7,1,74,110.4,434.8,494.8,174.0,10,0,0,19,0.2577319587628865,-0.4742268041237113,26.12,1.4432989690721647,,,,Malo,171,171,Gusto,Malo,0.003436426116838488,0.2268041237113401,116.45278350515466,6.945081076876491e-06,239.52,167.8846153846154,0.001013695019716368,0.1180476066712837,0.8333333333333331,94.48624569939889
Guéhi,2021,209036,45,45,3,2,8572,26,121,3.86,0.027630982938245466,0.024162472113133066,2.04,1.8199999999999998,0.021767014539291734,0.0222388725359022,14,0,284,91.3,614.4666666666667,116.86666666666667,179.33333333333334,16,0,0,60,0.27261084858297085,-0.40696941202500136,77.98,1.2900343786454744,-0.024713756291830202,-1.3333333333333321,-1.166666666666667,Marc,200,200,Guéhi,Marc,0.0005832944470368642,0.044005887075193935,41.32496780147591,4.9911104994597615e-06,292.26666666666665,967.4943566591422,0.0001281965817663438,0.005297719613753431,5.2634227300060195,74.98350826191599
Gvardiol,2023,477424,50,52,4,2,2327,9,23,5.23,0.1547056295659647,0.0773528147829823,3.14,2.09,0.1214439192092823,0.0808336914482165,3,0,123,129.7,544.4,362.2,389.0,12,0,0,26,0.3480876665234207,-0.2165878813923507,23.88,0.8895573700042975,,,,Joško,350,350,Gvardiol,Joško,0.002578427159432746,0.2022776106574988,111.42508809626129,7.1187939244415955e-06,383.76,207.21282279608192,0.0004112324018234045,0.04582160660120997,1.5000000000000009,121.32284988989252
Hall,2022,487838,45,43,1,0,1426,3,23,3.3600000000000003,0.05821474773609315,0.0,1.18,2.1799999999999997,0.0775727114779235,0.14252717579724586,3,0,57,41.849999999999994,164.60000000000002,147.45,106.0,6,0,0,16,0.18534220603880192,-0.5085098332108351,26.39,1.4566167890658894,0.0427918513220899,0.5,0.5,Lewis,399,399,Hall,Lewis,0.0007012622720897616,0.22009988727516935,40.113285899094436,4.755932669310014e-06,110.75,327.0642201834862,0.0,0.0,3.1837672281776417,38.195524738319406
Hause,2019,123354,45,44,3,0,2571,6,49,0.0,0.142615850062242,0.0,0.0,0.0,0.0,0.0,5,0,86,33.800000000000004,200.86666666666667,13.700000000000001,123.0,6,0,0,0,0.2572839971138088,-0.5476611223704057,0.0,1.626436803039823,0.09922643363344999,-8.833333333333334,0.0,Kortney,40,40,Hause,Kortney,0.0011668611435239206,0.0,15.097046340024898,8.517234624262194e-05,128.51999999999998,857.0,0.0,0.0,1.8040350844700783,31.743168594353016
Henry,2021,194010,45,45,3,4,6416,21,92,5.67,0.032432432432432434,0.10259074535882513,1.87,3.8,0.021903574397339965,0.09418352267479446,7,0,233,74.56666666666666,327.93333333333334,268.26666666666665,149.66666666666666,8,0,0,42,0.2739621167301965,-0.3877087561376838,53.61,1.2432340070744061,0.0137131894987256,-5.166666666666666,-1.0,Rico,92,92,Henry,Rico,0.0010910224438902742,0.11608709707213442,68.66375019658062,4.0669325691734874e-06,188.12666666666664,506.3930544593528,0.00016406352539703373,0.011265216924232284,2.02900065908488,65.09117712505129
Hickey,2022,472713,50,49,0,3,2631,7,42,1.29,0.0,0.070385818561001,0.5800000000000001,0.71,0.02153825791534245,0.021812693505243702,12,0,80,29.0,147.0,74.55,69.5,2,0,0,32,0.24353690657782545,-0.487073813155651,38.33,1.461221439466953,-0.0178350227489773,-9.0,-1.5,Aaron,93,93,Hickey,Aaron,0.0011402508551881414,0.04335095142058615,21.8811157455683,1.529511542841236e-05,84.64999999999999,613.2867132867133,0.0016059871199832977,0.03514079005824643,3.460028050490885,25.682948972195874
Hill,2023,463981,40,40,0,0,74,0,1,0.01,0.0,0.0,0.0,0.01,0.0,0.0121621621621621,0,0,5,3.5,32.6,2.2,0.0,0,0,0,1,0.0,-0.4864864864864865,1.34,1.2162162162162162,,,,James,68,68,Hill,James,0.0,0.0121621621621621,0.44000000000000006,0.0,10.479999999999999,7400.0,0.0,0.0,0.0,2.272
Holding,2016,156074,45,41,2,2,6974,22,99,0.47,0.0381836008424722,0.020726800993855,0.32,0.15,0.007320793085917628,0.0034316217590238856,12,1,254,32.728571428571435,244.74285714285716,31.0,51.0,23,0,0,6,0.23462970013522702,-0.4765177749838912,11.14,1.425924137594955,-0.05511910476119852,1.1333333333333335,-0.16666666666666666,Rob,202,202,Holding,Rob,0.0005735589331803843,0.010752414844941514,11.321491480635146,1.8501901070334976e-05,105.46857142857142,1560.178970917226,0.0019118631106012811,0.021645141918813015,3.982822945039601,25.622674131959357
Holgate,2016,194164,45,41,3,7,10650,30,185,1.92,0.015469783049270725,0.04067805622296504,1.55,0.37,0.030935733226597276,0.0069442012308000125,31,3,326,42.475,275.225,72.2125,77.0,19,0,0,14,0.22157875693014734,-0.6002561615517981,28.9,1.7222191608096424,-0.04728634835665846,1.542857142857143,-0.11428571428571425,Mason,225,225,Holgate,Mason,0.0009389671361502347,0.03787993445739729,22.1608913300866,1.3002833805092396e-05,129.5625,893.4563758389262,0.0017764243116355793,0.039367146126279964,3.9463452165240236,34.77731586460665
James,2019,225796,50,49,7,18,7398,23,104,5.65,0.07040649510479233,0.24913523833954548,1.36,4.29,0.028343088071348922,0.10130992196209584,12,3,369,110.02000000000001,381.15999999999997,477.9599999999999,239.2,51,0,0,19,0.22466207113332848,-0.5165918527025612,25.42,1.5161417028897315,-0.021863194963719745,-0.5499999999999998,-0.10000000000000009,Reece,172,172,James,Reece,0.0033792917004595835,0.12965301003344476,119.61490316954377,7.0702395607573525e-06,255.952,241.37030995106036,0.0005671538518253847,0.06784005306832716,0.7030758352334695,99.03743177071284
Johnson,2018,222018,40,40,2,0,3643,7,61,0.8200000000000001,0.03980706164372158,0.0,0.31,0.51,0.008016771850955284,0.01004365868418775,3,0,127,20.0,117.86666666666667,60.833333333333336,21.0,2,0,0,13,0.1240464118698697,-0.5765462196165897,28.689999999999998,1.5654119609113437,0.0009837460016958815,2.2,0.27999999999999997,Ben,275,275,Johnson,Ben,0.0005489980785067252,0.018060430535143036,14.282589491324156,9.024625948055756e-06,49.86,1291.8439716312055,0.0,0.0,3.116191116543626,15.685200495953216
Jorgensen,2017,48760,45,45,5,5,8266,20,145,2.77,0.07660968057583852,0.04058165152961944,2.0700000000000003,0.7000000000000001,0.0340883474266835,0.011577280075746479,20,0,266,55.839999999999996,368.12,81.12,107.8,20,0,0,23,0.21144939119320597,-0.562060359871534,39.45,1.6166002908720412,-0.014199300494199275,-7.25,-1.5,Mathias,112,112,Jorgensen,Mathias,0.0012097749818533753,0.04566562750242998,27.046818367689223,1.4913399677679674e-05,175.504,647.2983555207518,0.0008641249870381251,0.023371831571401974,1.8043091361307098,45.91997669206895
Justin,2019,220627,50,47,2,5,5328,20,77,0.8,0.0217391304347826,0.07995885017033443,0.31,0.49,0.005571086261980825,0.008805910543130974,5,0,210,56.7,277.8,190.175,98.25,16,0,0,14,0.32197195077112595,-0.4018416866949574,21.31,1.3265761675085197,-0.015135347710200336,1.75,0.3333333333333333,James,295,295,Justin,James,0.001313813813813814,0.0143769968051118,47.89268330722502,6.908446503556271e-06,143.805,683.0769230769231,0.0019151804866090582,0.09172313252134473,3.165962085533541,47.91865898508282
Kaboré,2023,476369,40,40,0,3,1727,0,39,2.09,0.0,0.1563404748118124,0.22,1.87,0.0114649681528662,0.097452229299363,7,0,34,64.0,326.6,253.0,62.0,3,0,0,21,0.0,-0.8129704690214243,38.04,2.032426172553561,,,,Issa,626,626,Kaboré,Issa,0.0017371163867979154,0.10891719745222919,56.84690214244355,6.866072675090575e-06,141.78000000000003,339.2927308447937,0.00092893924427696,0.05280731831568781,0.0,51.0953748858179
Keane,2014,106611,45,42,13,10,20080,61,335,2.74,0.07138280817366155,0.05075278459590038,1.85,0.8899999999999999,0.02593773788267829,0.00981653789478339,21,1,739,82.12222222222222,544.7333333333333,63.14444444444444,212.0,76,0,0,14,0.2511104495152526,-0.5610385290038022,34.79,1.653706772024758,-0.011428859275397074,0.9749999999999996,0.475,Michael,228,228,Keane,Michael,0.001145418326693227,0.03575427577746168,33.87266784753712,1.8139653246945354e-05,285.8444444444444,780.10878010878,0.0005595595147499889,0.018953773584055422,2.0559973044797237,70.71835560935322
Kelly,2019,235530,45,44,0,3,4231,10,85,1.98,0.0,0.04872921480246956,0.51,1.47,0.009067933032839632,0.025168554221430967,7,0,119,38.46666666666667,257.40000000000003,94.73333333333335,31.333333333333332,10,0,0,40,0.19782115572472256,-0.6737959721531399,60.96,1.8823110861075723,0.05808633994223885,6.666666666666666,1.1666666666666667,Lloyd,404,404,Kelly,Lloyd,0.0007090522335145356,0.0342364872542706,22.094618764440742,7.484717454411e-06,100.58000000000001,849.5983935742971,0.00048234845817315345,0.010657305294951618,4.059600724670349,28.954108456292172
Kerkez,2023,544877,45,44,0,2,1966,6,37,2.38,0.0,0.091556459816887,1.32,1.06,0.0604272634791454,0.0485249237029501,4,1,59,67.7,310.0,216.5,150.0,1,0,0,22,0.2746693794506612,-0.5676500508647,36.85,1.6937945066124112,,,,Milos,70,70,Kerkez,Milos,0.001017293997965412,0.1089521871820955,58.32746693794507,4.698817542565413e-06,181.54,448.8584474885845,0.0009597113188352943,0.05597753021933729,3.0000000000000027,59.6393879345093
Kesler-Hayden,2023,465390,40,40,0,0,5,0,0,0.0,0.0,0.0,0.0,0.0,0.0,0.0,0,0,3,0.0,0.0,0.0,0.0,0,0,0,0,0.0,0.0,0.11,0.0,,,,Kaine,43,43,Kesler-Hayden,Kaine,0.0,0.0,0.0,0.0,0.0,0.0,0.0,0.0,0.0,0.0
Kilman,2018,214048,40,40,3,3,10907,31,159,4.71,0.014352286967418533,0.021592854340496584,3.09,1.62,0.01374895888041845,0.007180197242425683,17,0,361,58.833333333333336,411.5,74.68333333333334,100.83333333333333,28,0,0,75,0.1850108804662279,-0.3131516813995069,123.77000000000001,0.9678900839649951,-0.07515640353588163,6.36,1.24,Max,524,524,Kilman,Max,0.0005501054368754011,0.020929156122844135,25.03221877108912,7.3658393690078256e-06,185.63333333333333,1018.3940242763771,0.00016978562866524726,0.00425011100093537,5.147034445667585,47.13973618529624
Kiwior,2022,440854,40,40,2,3,1367,8,14,1.4500000000000002,0.1536530535781191,0.143312101910828,0.84,0.61,0.04593855376545515,0.02972124391157735,1,0,93,28.3,163.7,62.400000000000006,55.5,2,0,0,16,0.49838890970400895,-0.20762832521543645,11.61,1.0174597227426003,0.1311952041963282,1.0,2.0,Jakub,8,8,Kiwior,Jakub,0.0036576444769568397,0.0756597976770325,18.1344548520045,5.861609738712884e-05,82.51999999999998,211.93798449612402,0.0035976830920886947,0.06524202160530237,1.6782740348221048,23.759239002454095
Konsa Ngoyo,2019,199798,45,43,6,3,14101,44,227,5.359999999999999,0.04049860682634426,0.023529479479335418,3.64,1.72,0.02086655920452116,0.00977083373793476,21,2,463,83.58,529.4399999999999,105.85999999999999,199.0,29,0,0,72,0.27597820655447924,-0.48026056018142116,102.95,1.4766296070080323,0.030082063094978375,1.5999999999999996,0.9500000000000002,Ezri,44,44,Konsa Ngoyo,Ezri,0.000638252606198142,0.03063739294245592,41.095258286574335,6.0292141148511436e-06,275.048,981.9637883008357,0.00012369236554227557,0.005083169710037182,4.310267922688145,71.44790715964815
Krafth,2019,111773,45,43,1,3,4847,17,85,0.96,0.0139968895800933,0.0427333247156516,0.2,0.76,0.00396039603960396,0.01504950495049504,11,0,174,28.7,171.88,72.92,41.8,6,0,0,8,0.24860702886452607,-0.42170774636912256,13.04,1.3028763947873323,0.07191296488555188,-1.5,0.1,Emil,405,405,Krafth,Emil,0.0008252527336496802,0.019009900990099,18.782418753246734,1.1317234416479433e-05,78.204,977.2177419354839,0.0008143941450490265,0.015296291862503177,4.382268460480205,23.15409651653329
Kristiansen,2022,481510,45,45,0,1,891,0,21,0.72,0.0,0.101010101010101,0.12,0.6,0.0121212121212121,0.0606060606060606,2,0,16,30.8,173.2,119.3,14.0,0,0,0,11,0.0,-0.8484848484848485,17.88,2.121212121212121,,,,Victor,296,296,Kristiansen,Victor,0.001122334455667789,0.0727272727272727,25.29030303030303,9.407665177433269e-06,65.11999999999999,518.0232558139535,0.0018705574261129816,0.047306964141980976,0.0,23.140644968200522
Lamptey,2019,232792,40,41,1,9,4400,13,71,2.08,0.020293122886133018,0.1727007410328038,0.54,1.54,0.01494054368659246,0.044082867550399855,12,1,189,40.9,141.88,174.76,93.2,9,0,0,13,0.2584623324297642,-0.4825613592013559,20.72,1.464865730433154,-0.04794243996188985,1.5499999999999998,-0.10000000000000003,Tariq,131,131,Lamptey,Tariq,0.0022727272727272726,0.05902341123699231,44.33192747146429,1.3004848207411724e-05,97.344,364.2384105960265,0.0013282172373081465,0.05888243023069342,1.3392256478077773,37.202385628491264
Larios López,2022,515571,40,40,0,0,150,0,2,0.02,0.0,0.0,0.0,0.02,0.0,0.012,0,0,4,3.9,27.6,7.8,4.0,0,0,0,2,0.0,-0.4800000000000001,2.48,1.2000000000000002,,,,Juan,464,464,Larios López,Juan,0.0,0.012,1.96,0.0,11.059999999999999,7500.0,0.0,0.0,0.0,2.9959999999999996
Lascelles,2015,101148,45,42,10,2,13874,40,217,0.98,0.06619646086016596,0.009572813210482225,0.85,0.13,0.0135125152943014,0.00177918282872985,31,1,468,51.8625,359.325,34.1125,124.375,30,0,0,15,0.2306466428498384,-0.5240044087569571,22.419999999999998,1.5406576647422312,0.004565494076634242,0.34285714285714264,0.08571428571428573,Jamaal,407,407,Lascelles,Jamaal,0.0008649272019605016,0.01529169812303125,19.28935042830721,2.5355139669050987e-05,180.35750000000002,1068.875192604006,0.0011088810281544893,0.021389594735373538,3.0440656279058538,43.787610537586296
Leite de Souza Junior,2021,241157,50,46,4,3,5163,17,84,3.66,0.07389016947157886,0.0478485028049122,1.83,1.83,0.03366438933873143,0.03922637121650276,11,1,215,84.2,394.2,250.0,195.66666666666666,21,0,0,31,0.2529211182746862,-0.5458619487013902,50.95,1.6175759900281614,-0.146725891090397,1.0,-2.1666666666666665,Emerson,487,487,Leite de Souza Junior,Emerson,0.0013558008909548712,0.07289076055523419,69.61057728529677,5.423203563819484e-06,232.9333333333333,484.3339587242026,0.00031751777305734683,0.02210259548086376,2.0775741475170317,74.43133607282996
Lewis,2019,194799,45,44,3,1,6108,13,115,3.7199999999999998,0.04383233765981045,0.008183306055646466,0.84,2.88,0.015253731343283568,0.0504875621890547,11,0,185,37.63333333333333,171.5666666666667,147.83333333333334,56.833333333333336,8,0,0,18,0.20953809601169934,-1.0624393613692378,18.68,2.865636499434794,-0.16010612442402875,-7.75,-0.0625,Jamal,408,408,Lewis,Jamal,0.0006548788474132286,0.06574129353233826,35.26998792688062,4.429845642028603e-06,87.41333333333334,791.1917098445596,5.68471221712872e-05,0.002004997312659207,4.02836687281894,31.590863985785358
Lindelöf,2017,184667,55,49,4,5,14601,50,195,1.7600000000000002,0.023758584343283644,0.030528686297535756,0.94,0.8200000000000001,0.009045477083357057,0.007852768690656656,15,0,535,55.199999999999996,408.0,78.01428571428572,64.42857142857143,36,0,0,28,0.3173301767654582,-0.34641034317106,45.959999999999994,1.1833560346931082,-0.014669482661313496,2.3666666666666667,0.4666666666666666,Victor,376,376,Lindelöf,Victor,0.0006163961372508733,0.016898245774013713,22.064376325340863,7.901067498180027e-06,165.6542857142857,1356.9702602230484,0.0004176125591130577,0.009214360662459162,5.845388302259812,41.95683435309057
Livramento,2021,441191,40,42,2,2,3528,9,69,1.21,0.036677838290741505,0.027272727272727268,0.38,0.83,0.008755760368663566,0.019124423963133633,3,0,127,52.9,247.79999999999998,173.86666666666667,105.66666666666667,11,0,0,12,0.1415374947633012,-0.4213238374528698,30.04,1.1948470883954756,0.07570171763720149,-9.5,-2.0,Tino,409,409,Livramento,Tino,0.0011337868480725624,0.0278801843317972,45.36285295349812,6.521013313300781e-06,137.75333333333333,677.1593090211132,0.0006830041253449171,0.030983015704654074,2.2132328856862107,45.69621628453288
Maatsen,2023,441302,55,51,0,0,200,0,5,0.94,0.0,0.0,0.74,0.2,0.333,0.09,1,0,11,10.3,29.4,44.8,29.0,0,0,0,1,0.0,-0.9,5.07,2.25,,,,Ian,45,45,Maatsen,Ian,0.0,0.42300000000000004,11.86,0.0,25.38,212.76595744680853,0.0,0.0,0.0,9.82
Maguire,2014,95658,45,41,13,14,19809,61,308,3.29,0.05166179064158617,0.059358145247425144,2.28,1.01,0.0162195180147936,0.006403722261989967,50,2,709,99.69999999999999,567.7777777777778,123.76666666666668,304.55555555555554,50,0,0,26,0.2651577926706728,-0.511697635574482,47.47,1.5444018816068779,0.10187929726794115,3.4000000000000004,1.05,Harry,377,377,Maguire,Harry,0.0013630168105406633,0.022623240276783564,55.24736104871975,1.1012794052308078e-05,342.5511111111111,653.9782106305712,0.000699751937938001,0.03865944795980208,2.388379983715321,90.60964552194709
Martínez,2022,221820,45,44,1,1,2756,10,45,1.56,0.02129673450070985,0.06998444790046655,0.46,1.1,0.00979649787032655,0.02732142502276135,9,0,96,48.05,358.09999999999997,78.05000000000001,43.0,6,0,0,32,0.26165505840685555,-0.5123802219688679,44.17,1.5426056133290253,-0.1034829195552379,-10.5,-4.0,Lisandro,380,380,Martínez,Lisandro,0.000725689404934688,0.0371179228930879,19.939514028170425,9.297750223378449e-06,138.54000000000002,774.1573033707865,0.00032985882042485813,0.0065772245771772075,2.866473149492019,35.6840563039717
Mavropanos,2017,233963,45,42,1,0,1841,4,33,1.28,0.02,0.0,1.19,0.09,0.023799999999999964,0.0017999999999999666,3,1,47,18.666666666666668,126.46666666666665,19.099999999999998,41.333333333333336,3,0,0,16,0.214639175257732,-0.5210553334735956,29.36,1.517277508941721,0.1106063538817589,3.0,0.16666666666666663,Konstantinos,528,528,Mavropanos,Konstantinos,0.0005431830526887561,0.02559999999999993,7.961333333333334,2.8438903282133828e-05,62.34,807.4561403508771,0.0,0.0,10.731958762886599,15.652696288249142
Mbabu,2015,120721,45,41,0,1,284,0,12,0.42,0.0,0.3191489361702128,0.0,0.42,0.0,0.13404255319148936,1,0,9,3.9,19.9,18.85,0.0,0,0,0,1,0.0,-1.5229876506472255,7.18,3.807469126618063,-0.2642463919059665,1.0,0.0,Kevin,250,250,Mbabu,Kevin,0.0035211267605633804,0.13404255319148936,3.8657446808510643,0.0001867971756267045,6.75,200.0,0.008383635144198525,0.03240899296488149,0.0,2.8981925738830143
Mee,2014,51927,45,45,14,10,23886,77,367,6.28,0.06235444380759828,0.036868214853091524,4.76,1.52,0.022101103178130355,0.00839576467328881,45,1,826,93.52222222222223,605.8888888888889,79.34444444444445,248.22222222222223,49,0,0,52,0.2783574862902072,-0.4502895506293139,71.11,1.404081362863492,-0.0019352668517994256,-1.0250000000000004,-0.07499999999999996,Ben,100,100,Mee,Ben,0.001004772670183371,0.030496867851419165,40.727113353090076,1.2663428135625736e-05,324.58222222222224,788.8375165125495,0.00027543110476517844,0.01121751382473825,2.805382258926381,81.20761876059201
Mepham,2018,223911,45,45,1,2,4569,9,104,1.77,0.024698133918770574,0.06323774969989843,1.05,0.7200000000000001,0.013135014304691025,0.01187248516997445,11,0,113,40.400000000000006,288.25,34.825,80.25,8,0,0,30,0.1656750927460382,-0.7497883377900508,52.8,2.040145937221165,-0.03766529498662067,3.0,0.08333333333333326,Chris,72,72,Mepham,Chris,0.0006565988181221273,0.025007499474665476,15.01885057847748,1.8854237419156562e-05,134.68,957.8616352201259,0.0006079618686315993,0.009130888462389946,1.884044214128588,32.9437980072233
Mings,2015,149484,45,41,6,11,13323,43,211,2.08,0.01946490555873948,0.03522440049012902,0.97,1.1099999999999999,0.006380952380952378,0.05634920634920634,30,1,479,49.93333333333333,345.84444444444443,51.78888888888889,100.44444444444444,48,0,0,36,0.13710721118919836,-0.7892095526282703,48.36,2.110131092759874,-0.10119367672253582,4.65,1.075,Tyrone,49,49,Mings,Tyrone,0.001275988891390828,0.06273015873015872,20.420575504592758,2.4638275096583246e-05,163.96222222222224,698.2704402515724,0.0007438197035134663,0.015189226417400538,2.5070204962316405,40.96113182491932
Mitchell,2019,244723,40,40,3,9,11097,32,174,5.53,0.02176227084565344,0.061976781689268776,1.8900000000000001,3.64,0.010997759809583781,0.02121512828590428,14,1,383,77.94,439.6,234.0,104.6,28,0,0,71,0.20617506687902135,-0.52461235410912,93.74000000000001,1.5177059521518212,0.055375408882046374,7.699999999999999,1.6,Tyrick,210,210,Mitchell,Tyrick,0.0010813733441470668,0.03221288809548806,57.28729794284505,4.621253607466098e-06,199.768,633.0290929834568,0.00022281044178854397,0.012764208163517253,2.4621136809858086,62.868865870185445
Moreno Lopera,2022,106468,45,45,2,3,2349,10,30,5.25,0.087890625,0.1018867924528302,1.7000000000000002,3.55,0.0688170327240566,0.1303494251179245,5,0,121,62.5,236.10000000000002,239.0,151.5,10,0,0,25,0.36957178655660383,-0.33958284198113203,36.33,1.2185288915094339,-0.2580734080188679,5.0,-2.0,Álex,26,26,Moreno Lopera,Álex,0.0021285653469561515,0.19916645784198111,63.015722287735855,8.90613115881235e-06,159.07999999999998,229.17073170731706,0.00035975752342920877,0.022670380187338645,1.9473960153792382,57.02296346045077
Murphy,2023,545477,40,39,0,0,11,0,0,0.0,0.0,0.0,0.0,0.0,0.0,0.0,0,0,2,0.3,2.6,1.0,0.0,0,0,0,0,0.0,0.0,0.08,0.0,,,,Alex,390,390,Murphy,Alex,0.0,0.0,0.2,0.0,0.8400000000000001,0.0,0.0,0.0,0.0,0.24800000000000005
Muñoz,2023,247348,45,45,0,4,1440,5,22,2.52,0.0,0.25,1.26,1.26,0.07875,0.07875,4,0,56,71.7,331.0,265.6,119.0,3,0,0,16,0.3125,-0.425,19.71,1.375,,,,Daniel,211,211,Muñoz,Daniel,0.002777777777777778,0.1575,65.09500000000001,1.045850066934404e-05,173.14000000000001,220.8588957055215,0.002204585537918871,0.14350749559082895,1.25,60.667053791887135
Mykolenko,2021,224967,50,49,3,3,6176,19,100,4.01,0.0527643346759783,0.051921619649682366,2.0300000000000002,1.98,0.024210790507914397,0.023291452533847134,5,0,218,76.53333333333335,403.2,228.53333333333333,132.33333333333334,16,0,0,58,0.2739006817114213,-0.4718843450486525,93.64,1.4536115443330526,0.0031470115363948,8.166666666666668,1.6666666666666665,Vitalii,231,231,Mykolenko,Vitalii,0.0009715025906735751,0.04750224304176153,58.9766822197653,4.251032339586822e-06,202.43333333333334,616.983016983017,0.0002453289370387816,0.014468686759049032,2.616403351106316,64.0776555382437
O'Shea,2020,216616,45,42,3,4,4991,5,122,1.64,0.0466804979253112,0.0622406639004149,0.74,0.9,0.01151452282157675,0.01400414937759335,8,1,110,86.75,605.9,130.45,128.5,3,0,0,32,0.09543667306502399,-0.8410851640476892,62.7,2.1981495831842475,-0.017835997778037,10.0,-0.5,Dara,630,630,O'Shea,Dara,0.001402524544179523,0.0255186721991701,38.97734439834025,1.0751433838095234e-05,263.37,577.662037037037,0.0008904917740822368,0.034709004562292346,0.8761995508065064,68.26544756587677
Offiah,2022,445548,40,40,0,0,149,0,6,0.05,0.0,0.0,0.0,0.05,0.0,0.049844720496894396,0,0,5,1.2000000000000002,6.300000000000001,3.5,2.0,0,0,0,1,0.0,-2.7763975155279503,4.33,6.940993788819875,1.919254658385093,0.0,0.0,Odeluga,139,139,Offiah,Odeluga,0.0,0.049844720496894396,0.9000000000000001,0.0,3.1300000000000003,2980.0,0.0,0.0,0.0,0.9860000000000002
Omobamidele,2021,466404,40,39,1,0,1163,0,24,0.16,0.1181102362204724,0.0,0.14,0.02,0.0080562659846547,0.00115089514066495,3,0,25,17.85,137.5,15.4,25.5,3,0,0,8,0.0,-0.7704653925931892,11.77,1.9261634814829733,0.0799283081942122,3.0,0.0,Andrew,440,440,Omobamidele,Andrew,0.0008598452278589854,0.009207161125319649,5.67724409448819,5.5834105705128916e-05,57.57,1002.5862068965517,0.0,0.0,0.0,13.785155591363635
Palmieri dos Santos,2017,109533,55,52,2,5,6507,12,131,5.28,0.013859688311009529,0.06263768007718927,2.44,2.84,0.01452943324919003,0.0159983735476882,15,0,184,43.44285714285714,182.0,150.57142857142858,101.28571428571429,11,0,0,51,0.2839051251888116,-0.37097079857317716,91.34,1.2113321216217545,0.007501625089847085,3.1999999999999997,0.13333333333333333,Emerson,520,520,Palmieri dos Santos,Emerson,0.0010757645612417396,0.030527806796878228,40.26719232220471,7.144546421909086e-06,113.93142857142857,529.8859934853419,0.0002705645274752867,0.010894873863413809,3.7113057765345228,38.89351242898872
Patterson,2022,243571,40,39,0,2,2274,4,43,2.56,0.0,0.09,0.8200000000000001,1.74,0.0322544740973312,0.07142849293563575,7,0,65,41.3,219.3,125.05,67.0,3,0,0,23,0.1606436420722135,-0.6245745682888542,46.0,1.7220800627943484,-0.0594254317111461,-0.5,0.0,Nathan,234,234,Patterson,Nathan,0.0008795074758135445,0.10368296703296695,31.737000000000002,7.033246507905193e-06,107.55000000000001,498.6842105263157,0.0005054640665595083,0.016041913080399116,1.7849293563579278,34.20511439864941
Phillips,2020,197464,40,42,1,1,1520,7,12,0.05,0.03092783505154635,0.03092783505154635,0.04,0.01,0.02769230769230765,0.0069230769230769,2,0,71,31.75,195.89999999999998,46.0,75.0,1,0,0,1,0.21649484536082475,-0.32640761300555116,0.48,1.0325138778747025,-0.2274385408406027,-5.0,-3.5,Nathaniel,332,332,Phillips,Nathaniel,0.0013157894736842105,0.03461538461538455,16.721649484536083,2.8604118993135013e-05,102.61999999999998,741.4634146341464,0.06578947368421052,1.100108518719479,3.500000000000005,27.219633478024956
Pinnock,2021,231065,45,44,6,1,7915,22,123,6.68,0.06826927012795557,0.011135857461024468,4.74,1.94,0.0542524130635991,0.0222103662567764,2,0,279,111.63333333333333,714.2666666666668,108.39999999999999,291.6666666666667,18,0,0,58,0.24856231167227702,-0.4621836646409212,79.31,1.40402147327458,0.009442688837668498,-1.0,0.16666666666666652,Ethan,104,104,Pinnock,Ethan,0.0008843967150979153,0.0764627793203755,50.87731513195616,8.158641283191103e-06,382.44,578.5818713450293,6.512494220161379e-05,0.0033133822073419354,3.130305551033116,96.83919788429122
Porro,2022,441164,50,48,6,11,4222,9,80,13.2,0.16294727091838485,0.23576280489896734,4.73,8.469999999999999,0.1144765686644481,0.18103356890459366,3,0,195,149.7,584.7,640.55,270.0,25,0,0,48,0.18144704792617233,-0.6554118494631034,77.84,1.8199766715839307,0.1078390339291228,14.0,2.5,Pedro,495,495,Porro,Pedro,0.004026527711984841,0.29551013756904176,155.24590774983702,6.286047477924973e-06,340.34999999999997,139.80132450331126,0.0003076033393418519,0.04775415964300695,0.45508518327310254,130.16960181858232
Quansah,2023,441428,40,40,2,0,1188,2,15,1.23,0.1515151515151515,0.0,1.04,0.19,0.0787878787878788,0.0143939393939393,1,0,49,49.4,331.6,58.8,104.0,5,0,0,13,0.1515151515151515,-0.3939393939393939,14.28,1.1363636363636362,,,,Jarell,333,333,Quansah,Jarell,0.0016835016835016834,0.09318181818181809,22.22060606060606,2.8630981011933395e-05,161.36,367.8018575851393,0.0,0.0,1.0,41.16074747474748
Ream,2011,82514,40,40,2,1,8247,16,163,1.6300000000000001,0.0181872280284152,0.01538461538461538,1.2,0.43000000000000005,0.0129876892178376,0.003593186298211,6,1,220,33.6,281.84000000000003,27.560000000000002,25.2,24,0,0,50,0.12960585450108505,-0.6869828685646139,88.08,1.84706302591262,0.0282542828588465,1.6500000000000004,0.8,Tim,253,253,Ream,Tim,0.0003637686431429611,0.0165808755160486,8.043890275826751,1.3199152508815713e-05,103.872,1781.2095032397408,0.0002819911962348535,0.0022683062412622913,3.860552216527372,23.992093440043266
Reguilón,2020,199249,55,55,2,16,5682,22,86,3.77,0.03134796238244513,0.26102006472867817,0.94,2.83,0.018503937007874,0.055708661417322836,16,1,267,105.2,406.73333333333335,401.8666666666666,242.0,27,0,0,18,0.34644289922915084,-0.42015852573102896,30.44,1.3968392135567234,-0.025587284255888798,-1.166666666666666,-0.3333333333333335,Sergio,496,496,Reguilón,Sergio,0.0031678986272439284,0.07421259842519684,104.66417853770491,7.882959424130546e-06,264.06,261.0013780431787,0.0009950211628563573,0.10414307263799254,1.1849548073102902,94.67872128678644
Richards,2022,427623,45,44,1,1,2534,5,49,1.53,0.02152080344332855,0.02152080344332855,1.31,0.22000000000000003,0.0850343782285253,0.008737543357374849,3,0,75,39.2,274.3,51.4,67.0,4,0,0,27,0.18766334921349476,-0.6990034685899906,44.349999999999994,1.9351720206884715,0.113637614931454,13.5,1.5,Chris,194,194,Richards,Chris,0.0007892659826361484,0.09377192158590016,16.99506456241033,1.5355369311987324e-05,123.63000000000001,717.8470254957507,0.0017937863241730644,0.030485514390489937,4.360045146726862,31.52444198339134
Robertson,2014,122798,45,42,11,62,22718,93,273,14.23,0.047780473195064496,0.2319355967744984,3.1399999999999997,11.09,0.01605732505863843,0.05199120463570244,32,1,1167,151.02222222222224,565.0222222222222,704.7666666666667,239.22222222222223,129,0,0,47,0.3516947062837818,-0.3042144314049319,59.42,1.1122307847961115,0.037674316409120764,0.35000000000000014,0.9750000000000001,Andrew,335,335,Robertson,Andrew,0.0032133110309006075,0.06804852969434087,164.96424842386594,4.559397007379191e-06,319.3222222222222,260.4379227330047,0.0002460877798285975,0.040595685645722385,1.2573274975658395,129.85113241607806
Robinson,2020,169528,45,44,0,8,8513,23,132,6.18,0.0,0.07454334023968093,0.75,5.43,0.006926224501775234,0.0507670487896969,18,1,254,125.23333333333333,610.1333333333333,479.9666666666667,160.0,14,0,0,72,0.23958177534139025,-0.45123250489968875,117.03999999999999,1.3676630375906118,-0.03386081011543025,8.0,1.3333333333333335,Antonee,255,255,Robinson,Antonee,0.0009397392223657935,0.057693273291472134,112.01569633540524,1.9579260136796865e-06,288.08666666666664,600.3526093088858,0.00017306431351119588,0.01938591958876549,3.2139930216577017,102.42391109569348
Roerslev Rasmussen,2021,226956,45,41,2,3,4308,11,79,3.49,0.039540522768370834,0.05473039618609237,1.33,2.16,0.023578794881523066,0.042697754630428,2,0,164,50.166666666666664,249.9333333333333,175.9333333333333,73.66666666666667,7,0,0,34,0.2365397984556057,-0.5421992590240098,55.38,1.5920379460156304,0.10877050035812501,-0.3333333333333339,1.3333333333333333,Mads,105,105,Roerslev Rasmussen,Mads,0.001160631383472609,0.06627654951195107,42.585568661296506,6.596995358881826e-06,121.84666666666666,507.4204946996466,0.0003223976065201692,0.01372948540870232,2.509149174305432,41.40394122702763
Romero,2021,221632,50,48,6,2,6997,20,112,7.18,0.07003242133743844,0.025391451544646632,4.75,2.4299999999999997,0.053989825217624736,0.0281109306103504,24,2,236,91.03333333333335,628.9333333333333,132.33333333333334,148.33333333333334,28,0,0,59,0.2581795257690047,-0.46547735949632624,86.66,1.4218729245098203,-0.0375109140214819,6.166666666666668,0.8333333333333335,Cristian,498,498,Romero,Cristian,0.0011433471487780477,0.08210075582797513,41.33563040399837,8.639902887491544e-06,281.0533333333333,460.935441370224,0.00011762830748745347,0.004862240243349252,2.705607286428588,72.7452735952414
Saliba,2022,462424,45,49,4,2,5835,30,54,3.83,0.0635828702190258,0.0317914351095129,2.61,1.22,0.03932494279176195,0.017804838182412498,8,0,281,86.8,613.1,126.44999999999999,127.0,27,0,0,65,0.4604445897352075,-0.15478914677999345,55.18,0.8474174566851912,0.0389996730957829,2.0,3.0,William,18,18,Saliba,William,0.0010282776349614395,0.05712978097417445,38.02497057862046,8.131891142439223e-06,264.79,593.5910478128179,0.0002809501734867321,0.010683122080891304,4.827763496143961,68.16832480975603
Santiago Costa dos Santos,2023,575476,45,45,0,2,2790,3,56,2.42,0.0,0.064516129032258,1.78,0.64,0.0574193548387096,0.0206451612903225,5,0,58,95.8,678.4,115.0,164.0,1,0,0,32,0.0967741935483871,-0.6838709677419356,42.99,1.8064516129032255,,,,Murillo,436,436,Santiago Costa dos Santos,Murillo,0.0007168458781362007,0.0780645161290321,39.41935483870968,6.233442418575659e-06,304.68,631.2217194570136,0.0011200716845878136,0.04415250317955833,1.5000000000000016,76.70406899641577
Schär,2018,119471,50,45,14,10,13344,43,200,10.55,0.0981459903642115,0.05915093483084627,7.1,3.46,0.03378341261469258,0.016511477297258385,37,1,528,94.23333333333333,555.6,127.2,258.3333333333333,40,0,0,71,0.2684082154292598,-0.45391216486706126,95.28999999999999,1.4031886275969132,-0.03981891956809472,2.4799999999999995,0.04000000000000002,Fabian,415,415,Schär,Fabian,0.0017985611510791368,0.05029488991195097,51.33033700992827,1.4139631690873715e-05,314.6933333333334,386.22286541244574,0.0002165897339931523,0.011117624038759225,1.706379289337139,83.4713626979567
Senesi,2022,221466,45,44,6,5,4728,11,99,6.26,0.11655213264401774,0.10049129075480125,3.6399999999999997,2.62,0.069806604172248,0.05195088850971065,20,0,171,99.65,668.6,195.14999999999998,130.0,18,0,0,55,0.21098729900620344,-0.6670845242963637,88.44999999999999,1.8786986097471123,0.056097476507172,-5.5,0.5,Marcos,79,79,Senesi,Marcos,0.002326565143824027,0.12175749268195865,52.10676824028405,1.1921932584289149e-05,285.51000000000005,273.92815758980305,0.0004036372560416424,0.021032232953706053,0.9720971762342351,77.94544562938238
Sessegnon,2018,184349,65,60,4,11,4483,10,91,2.74,0.07554269881334194,0.1612291312498298,1.64,1.1,0.04583850931677017,0.030745341614906826,6,0,194,62.375,193.85,204.025,224.75,6,0,0,9,0.18647652461634087,-0.555427266746136,10.48,1.575044691481681,0.11341715872029713,-12.416666666666666,-0.16666666666666666,Ryan,579,579,Sessegnon,Ryan,0.0033459736783403972,0.076583850931677,63.358585818900295,1.639982197446586e-05,183.005,252.70574971815105,0.002230649118893598,0.14133077363127436,0.7875790146428658,61.94566118457551
Shaw,2012,106760,40,40,3,24,20071,79,243,4.93,0.00866049506442441,0.11662548129555432,1.1400000000000001,3.79,0.003593994905956108,0.015475852272727264,59,1,826,62.84166666666667,239.1833333333333,294.44166666666666,93.83333333333333,86,0,0,42,0.39279913640230046,-0.23983824858681965,58.02,0.9923947578693496,-0.0037616336804485477,0.2727272727272727,0.12727272727272732,Luke,387,387,Shaw,Luke,0.0013452244531911713,0.01906984717868337,68.31011850908111,4.568729923384388e-06,131.23999999999998,628.5937989351706,0.0003155026568610194,0.021552023880106186,3.1352203001051597,53.57248252123409
Smith,2011,54469,40,40,5,14,16493,43,298,3.62,0.02522748876831245,0.06492326571785556,0.55,3.0700000000000003,0.002175136814502325,0.013863798312621125,46,1,518,62.287499999999994,307.275,226.4375,88.5,39,0,0,59,0.20617542419848484,-0.48112233517613656,87.03,1.408981262138826,-0.07818715521306117,5.771428571428571,0.8285714285714285,Adam,81,81,Smith,Adam,0.0011520038804341236,0.01603893512712345,54.167067975222686,5.087513686708799e-06,148.89000000000001,729.1335101679929,0.0002764967311173964,0.01497701722936288,2.2870071955983318,51.44520044092633
Souttar,2022,194190,45,45,0,1,991,1,19,1.57,0.0,0.0908173562058526,1.47,0.1,0.1335015136226034,0.0090817356205852,2,0,20,34.6,242.6,38.9,65.0,0,0,0,11,0.0908173562058526,-0.6538849646821393,18.81,1.7255297679112007,,,,Harry,303,303,Souttar,Harry,0.0010090817356205853,0.1425832492431886,14.307245206861756,2.5940404514668e-05,112.2,385.6031128404669,0.010090817356205851,0.1443717982528936,1.0,28.16420988900101
Spence,2022,232859,45,41,0,0,5,0,0,0.06,0.0,0.0,0.06,0.0,1.08,0.0,0,0,4,2.2,0.2,1.3,20.0,0,0,0,0,0.0,0.0,0.47,0.0,,,,Djed,504,504,Spence,Djed,0.0,1.08,2.26,0.0,10.5,83.33333333333334,0.0,0.0,0.0,3.004
Stephens,2016,88900,40,42,4,4,11164,30,213,0.59,0.025809080626820028,0.024477426789112428,0.36,0.23,0.003800140745953543,0.002427867698803657,23,2,338,54.357142857142854,375.9142857142857,69.22857142857143,97.57142857142857,31,0,0,13,0.235916044345497,-0.6156252313900848,24.62,1.774979122820709,-0.03857285928735498,1.2,-0.3666666666666667,Jack,472,472,Stephens,Jack,0.0007165890361877463,0.0062280084447572,23.620524003144606,1.0351059127763566e-05,172.43142857142857,1299.65075669383,0.001557802252582057,0.03679610549926721,4.691438249910171,43.934866072479664
Stones,2013,97299,45,42,9,2,18343,81,204,3.46,0.044845850228324685,0.008873989351212773,2.09,1.37,0.012744211276220729,0.007388453424148054,11,1,813,39.30909090909091,240.1818181818182,65.89090909090909,86.45454545454545,70,0,0,33,0.4187843080231459,-0.21618974474336455,25.83,0.9592586698815573,0.02179842562203967,-0.7,0.15999999999999998,John,362,362,Stones,John,0.0005996838030856458,0.020132664700368782,21.844236900533062,9.101161470670671e-06,123.14363636363636,1268.533886583679,7.958643703857275e-05,0.001738504984739942,7.795710324173529,33.36660989672513
Takehiro,2021,223723,45,45,2,3,3471,17,41,2.8899999999999997,0.0526315789473684,0.0902558816395828,1.98,0.91,0.05684938151831187,0.028493815183119036,4,1,177,48.96666666666667,232.13333333333333,156.43333333333334,102.66666666666667,9,0,0,16,0.41077492117390246,-0.286575309240844,22.96,1.1272131942760126,-0.02543051176327915,-3.166666666666667,-1.6666666666666665,Tomiyasu,22,22,Takehiro,Tomiyasu,0.0014405070584845865,0.08534319670143091,41.60146272940416,9.20844060399267e-06,130.76666666666665,439.9239543726236,0.000949784873726101,0.03951244002526823,2.8748143433057507,42.794445555699916
Targett,2014,169359,40,39,3,14,12260,41,189,0.6900000000000001,0.014658148486171169,0.06828517061469223,0.01,0.68,0.00015000000000000001,0.011218831168831149,19,0,474,52.910000000000004,232.42,232.26,63.7,37,0,0,7,0.21833115163933364,-0.6302056484520365,8.56,1.7938452727694247,-0.021851972266766627,2.8,0.7333333333333333,Matt,416,416,Targett,Matt,0.0013866231647634583,0.01136883116883115,52.84834881057887,5.970133319398339e-06,112.15799999999999,693.0469191633691,0.0016793014106131847,0.08874830670618272,2.6322934023635054,43.571523441322036
Tarkowski,2016,17761,40,40,9,10,23050,74,363,10.07,0.031188626214455673,0.03501466184664314,5.52,4.55,0.018157894736842102,0.01496710526315789,58,0,779,128.51250000000002,816.625,138.75,327.5,62,0,0,76,0.27493877126184074,-0.46865439734255954,123.09,1.4465747646182394,0.027200453088499672,5.828571428571428,1.4285714285714286,James,236,236,Tarkowski,James,0.0008242950108459869,0.03312499999999999,60.52297984903977,5.94086494303414e-06,434.43999999999994,792.9136566907465,9.53493361302472e-05,0.005770825949230271,4.152947373370648,111.09744876305277
Taylor,2017,103914,45,42,1,8,13617,34,230,1.91,0.0064405324173465,0.047640861933827196,0.25,1.66,0.0016101331043366165,0.010691283812795183,20,0,397,72.63333333333334,445.2,244.04999999999998,36.0,21,0,0,25,0.23101825301730786,-0.48545393675733667,43.78,1.4446530949106495,-0.025465741449790236,6.32,0.8800000000000001,Charlie,475,475,Taylor,Charlie,0.0006609385327164573,0.0123014169171318,52.42686847154709,2.708209517379461e-06,166.08666666666667,1248.120989917507,0.0003539162156446894,0.01855471888755183,4.271677085786791,54.18831439513355
Tete,2020,167074,45,43,2,6,4909,14,84,3.96,0.0464401521483306,0.07869992011939657,1.6,2.36,0.03853720737539617,0.038178351654249966,13,0,167,76.9,398.73333333333335,265.7333333333333,103.33333333333333,4,0,0,39,0.25282599286561774,-0.57839662932195,69.75,1.6988175661704927,-0.021087278777427255,0.5,-0.16666666666666652,Kenny,257,257,Tete,Kenny,0.0016296598085149725,0.07671555902964614,63.52218603689515,6.132688692354388e-06,186.66666666666666,410.45150501672236,0.0005179003628755209,0.03289816319915435,2.0203439896112316,62.74274843607024
Thomas,2019,244619,40,40,1,3,5130,9,106,1.2799999999999998,0.01859504132231404,0.09368881519764341,0.62,0.6599999999999999,0.0119317010941563,0.01162700554437954,10,0,126,36.22,191.07999999999998,121.16,49.2,4,0,0,22,0.16681439820940763,-0.6696708975717882,44.81,1.8409916421388783,-0.06629412888732902,4.3,0.2000000000000001,Luke,305,305,Thomas,Luke,0.0007797270955165692,0.02355870663853584,29.18754466108822,6.435515809809915e-06,89.16799999999999,971.5909090909092,0.000886053517632465,0.025861726618011893,1.485648991578392,29.508940387915708
Tierney,2019,192895,55,53,3,10,5975,22,74,0.81,0.04434955150179758,0.14908581318446987,0.38,0.43,0.011046511627906975,0.0125,6,0,281,68.45,289.5,258.3,134.75,19,0,0,6,0.2821789888503898,-0.35379323485835884,10.9,1.1666620759962871,0.0524543172514057,0.8333333333333334,1.1666666666666667,Kieran,21,21,Tierney,Kieran,0.0021757322175732217,0.023546511627906976,65.19746556455607,8.423276103651653e-06,167.915,432.6574945691528,0.0038921864357302715,0.2537606911143566,1.458776627056048,59.663028164131276
Timber,2023,445122,50,46,0,0,70,0,0,0.02,0.0,0.0,0.0,0.02,0.0,0.0257142857142857,2,0,0,1.3,5.8,4.7,2.0,0,0,0,1,0.0,0.0,0.28,0.0,,,,Jurriën,6,6,Timber,Jurriën,0.0,0.0257142857142857,1.1400000000000001,0.0,3.0,3500.0,0.0,0.0,0.0,1.056
Toffolo,2022,114241,45,43,1,3,2385,4,46,3.45,0.03099173553719005,0.09297520661157024,1.3800000000000001,2.07,0.04759573224203445,0.08018588397863455,5,0,82,55.25,254.0,181.0,119.0,4,0,0,24,0.1584464935824187,-0.6240998113257687,43.56,1.7186960218968403,-0.0453216762775371,6.0,0.0,Harry,444,444,Toffolo,Harry,0.0016771488469601676,0.127781616220669,48.14028925619835,9.2660157290617e-06,146.75,320.13422818791946,0.0006076626257102057,0.029253054571870295,1.2781350482315113,48.606679613396004
Torres,2023,244954,45,46,2,0,2462,6,37,1.67,0.0731112916328188,0.0,0.96,0.71,0.035093419983753,0.0259545085296506,1,0,85,76.6,479.4,150.6,135.0,4,0,0,27,0.2193338748984565,-0.4532900081234767,40.0,1.3525588952071486,,,,Pau,52,52,Torres,Pau,0.0008123476848090983,0.0610479285134036,43.64924451665313,5.3940749323313295e-06,226.64,670.8446866485014,0.0,0.0,3.000000000000001,62.7879415109667
Townsend,2020,108053,45,44,0,2,2234,6,36,0.0,0.0,0.0805729632945389,0.0,0.0,0.0,0.0,0,0,76,93.7,440.2,343.8,154.0,8,0,0,0,0.2417188898836168,-0.4834377797672337,0.0,1.4503133393017011,,,,Conor,583,583,Townsend,Conor,0.0008952551477170994,0.0,84.18417188898837,2.6039998479264088e-06,227.8,1117.0,0.0,0.0,3.0000000000000013,79.23393733213967
Trippier,2014,77794,50,48,6,41,14635,56,183,20.5,0.0903022161169907,0.2832629671437683,1.5,19.0,0.006133122672996512,0.07557985312014265,17,0,763,101.625,379.55,576.3625,59.125,117,0,0,64,0.3295623699512497,-0.2766826872699777,78.66999999999999,1.0212690881261939,0.02118852453920864,-4.057142857142857,-0.2285714285714285,Kieran,418,418,Trippier,Kieran,0.003211479330372395,0.08171297579313916,121.30609977658992,5.571978278205808e-06,163.7525,216.8148148148148,0.00014744753924442126,0.017886285907396424,0.8822084731627838,81.273918099189
Tsimikas,2020,214285,50,49,0,9,2317,12,24,3.33,0.0,0.26959765040811545,0.77,2.56,0.0230787401574803,0.08038582677165353,6,0,140,45.675,139.1,241.75,75.0,8,0,0,17,0.3544183979290918,-0.1432721310293879,22.91,0.7125987255025615,-0.04775737700979593,2.0,1.0,Konstantinos,337,337,Tsimikas,Konstantinos,0.003884333189469141,0.10346456692913383,55.93087929512244,1.6067562314246707e-05,88.365,187.91565287915654,0.001517317652136383,0.08486491045399862,1.3146197579710919,40.04666874977103
Udogie,2023,487053,45,49,2,3,2391,5,43,4.78,0.0752823086574654,0.1129234629861982,2.42,2.36,0.0910915934755332,0.0888331242158092,5,1,79,117.3,534.8,357.9,279.0,8,0,0,28,0.1882057716436637,-0.5721455457967378,48.7,1.6185696361355082,,,,Destiny,505,505,Udogie,Destiny,0.002091175240485153,0.17992471769134238,99.54398996235885,5.842903717477376e-06,323.3999999999999,244.47852760736194,0.0005316547221572423,0.052923032325861215,1.0000000000000007,104.49827650298789
Veltman,2020,111478,45,43,4,4,8916,30,127,3.7300000000000004,0.0422536731759193,0.0422536731759193,2.18,1.55,0.0242826788961974,0.018065303686701027,19,0,335,83.925,448.65,235.225,153.0,21,0,0,42,0.29726401555397824,-0.41175693587947415,53.16,1.3266563552526636,-0.04251546985456157,1.5833333333333333,-0.5,Joël,145,145,Veltman,Joël,0.0008972633467922835,0.04234798258289843,62.37457757122314,3.8144897302254584e-06,227.88,760.1023017902813,0.0002894397892878334,0.018053684589132445,3.5176115259417418,70.52612915147223
Vestergaard,2018,93100,50,46,4,1,6660,15,120,0.0,0.04126388317564787,0.008741258741258725,0.0,0.0,0.0,0.0,10,1,198,66.1,442.85,68.8,149.0,10,0,0,0,0.19697304828424686,-0.6353780390823126,0.0,1.7854181459900282,-0.05195054846568777,-0.3333333333333333,-0.08333333333333333,Jannik,307,307,Vestergaard,Jannik,0.0007507507507507507,0.0,28.679127930892637,1.0912074865563237e-05,220.575,1332.0,0.0,0.0,3.9390558797244575,55.58687639758229
Walker,2009,58621,40,40,8,43,33520,141,352,5.3100000000000005,0.020601286432183116,0.10707259370888235,0.79,4.5200000000000005,0.002065835640812893,0.0109967312094525,52,1,1475,50.40666666666666,223.29333333333335,207.12666666666667,73.26666666666667,115,0,0,52,0.34036337160249636,-0.2699247276108343,48.68,1.015175190629582,0.029238902398524638,1.3142857142857143,0.6857142857142857,Kyle,363,363,Walker,Kyle,0.0015214797136038187,0.013062566850265392,48.79236229268554,7.345648622117635e-06,113.70266666666666,595.2761498845675,0.0002838089002471117,0.013847706682745724,2.6658810026485655,42.257963075211656
Walker-Peters,2017,158534,45,40,2,12,9432,23,168,3.58,0.011363799411722483,0.3299022230893385,1.08,2.5,0.006113207547169801,0.0141509433962264,15,0,304,65.93333333333334,291.0,196.73333333333335,173.0,22,0,0,30,0.29400287136094644,-0.48657908386131415,51.26,1.5104505810142317,0.02109336029881656,5.76,0.68,Kyle,476,476,Walker-Peters,Kyle,0.0014843087362171332,0.0202641509433962,56.75018285335817,7.544775006186715e-06,186.98666666666668,536.518771331058,0.0005089058524173028,0.02888050017982604,0.8615064260024081,60.09790265788271
Wan-Bissaka,2017,214590,45,45,2,14,14894,53,205,3.68,0.008403361344537815,0.06453027072680405,1.3,2.38,0.011479793826649543,0.018800312321295032,24,1,561,90.72857142857143,523.6,274.81428571428575,108.42857142857143,56,0,0,36,0.3101526095631657,-0.3855234350784672,57.74,1.2739611972593339,0.015311964479763268,3.266666666666667,0.9666666666666667,Aaron,388,388,Wan-Bissaka,Aaron,0.001074258090506244,0.030280106147944574,65.82843471147015,3.909032922775749e-06,229.44000000000003,756.808943089431,0.0003949478273920015,0.025998797269911354,4.252532072717592,72.21973565679797
Ward,2009,55494,40,40,5,9,26340,72,422,3.08,0.024766898313104035,0.026845052930813237,2.0,1.08,0.007065065924907667,0.0037109098889381,50,0,802,39.475,260.4166666666667,89.60833333333333,43.833333333333336,51,0,0,47,0.21231136424364752,-0.4896562989594682,63.11,1.436452111642318,-0.02082187009163051,3.272727272727273,0.6545454545454545,Joel,215,215,Ward,Joel,0.0005315110098709188,0.010775975813845767,22.322960275204487,5.931490856924602e-06,107.93666666666667,1542.1545667447308,0.00031637560111364213,0.007062439975703774,4.113608556287038,30.5167085342782
Webster,2019,110735,45,44,6,1,9816,29,148,3.0,0.05237141253546249,0.006746626686656659,2.2199999999999998,0.78,0.02349361870116656,0.009286121171816819,17,0,333,69.94,446.56000000000006,98.96,153.0,18,0,0,36,0.2597878749941012,-0.44947982259691965,43.96,1.3834874314864005,0.0191892647405752,-3.5999999999999996,0.19999999999999996,Adam,147,147,Webster,Adam,0.0007131214343928281,0.03277973987298338,35.11497255302018,7.206158391196726e-06,224.45600000000002,981.6,0.00013060832131736775,0.004586307618255409,4.394392615391428,58.93741601847053
White,2020,198869,45,45,6,10,12113,58,140,9.78,0.04486533985186625,0.07450014239832987,2.52,7.26,0.0187756884285078,0.05409206101357353,19,1,549,115.5,625.65,354.175,174.0,40,0,0,71,0.43224731769920466,-0.24201911280501992,62.17999999999999,1.0372950997117545,0.039627714278025895,-3.0,0.8333333333333334,Benjamin,24,24,White,Benjamin,0.0013208949062990176,0.07286774944208133,88.27529617866026,3.729497864894522e-06,297.795,469.8603568657874,0.00011371340446789063,0.010038084458886834,3.6212086572330207,94.86952611127644
Williams,2019,215136,40,40,1,3,4643,10,83,4.74,0.0080128205128205,2.1600724173576933,1.98,2.76,0.016745713386817667,0.0239474201667453,13,0,150,35.416666666666664,164.46666666666667,99.08333333333333,90.66666666666667,7,0,0,38,0.23605723539087017,-0.2900110563977231,62.599999999999994,0.9610848763851781,-0.03933539902138545,3.35,0.10000000000000003,Neco,437,437,Williams,Neco,0.0008615119534783546,0.040693133553562966,29.53456018674577,8.694822070429147e-06,101.75666666666666,531.2356979405034,0.00023410650909737898,0.006914232783045486,0.10887820795400313,32.1654392722686
Worrall,2022,208912,45,42,1,0,2653,6,53,1.8099999999999998,0.0203160270880361,0.0,0.95,0.8600000000000001,0.0275425956275704,0.043023129966913,6,1,74,40.25,296.1,44.349999999999994,64.5,5,0,0,26,0.2043198614675778,-0.6456971458610347,53.47,1.8185627261201645,-0.0118371007143077,-17.5,-2.0,Joe,448,448,Worrall,Joe,0.0003769317753486619,0.0705657255944834,15.328126410835214,8.499025374265207e-06,129.13,944.1281138790036,0.0,0.0,10.057077625570782,31.957363643866692
Young,2006,18892,60,62,48,95,34967,78,473,3.42,0.10594926193799789,0.22982048358923726,1.1300000000000001,2.29,0.0027568388650641763,0.005544002854614206,84,3,1570,32.01176470588236,135.94117647058823,142.75882352941176,41.0,161,3,0,50,0.2487799901978673,-0.3783479253441197,69.53999999999999,1.1946498035581665,0.00534802873097075,-0.6875,0.35,Ashley,238,238,Young,Ashley,0.004089570166156662,0.008300841719678383,32.76309055573432,2.864670683780265e-05,67.68470588235294,238.81300368802079,0.0011863962066292573,0.038870006352774045,0.7409243790182046,26.64352290943483
Zabarnyi,2022,477580,45,45,1,0,3627,8,72,1.69,0.0135135135135135,0.0,1.13,0.56,0.01527027027027025,0.0089475839475839,5,0,91,48.65,372.0,56.25,58.5,3,0,0,40,0.1081081081081081,-0.621949221949222,63.5,1.662981162981163,-0.0158886158886158,31.0,4.0,Illia,85,85,Zabarnyi,Illia,0.00027570995312930797,0.02421785421785415,17.105405405405406,4.9015102778543635e-06,150.57999999999998,1348.3271375464685,0.0,0.0,8.000000000000007,36.958244875148104
Zinchenko,2017,206325,50,50,2,11,9308,50,88,6.96,0.0135471177860941,0.10986655178469136,1.92,5.04,0.0124907319615447,0.034324528889578605,7,1,440,71.05714285714285,279.9142857142857,320.0857142857143,109.71428571428571,35,0,0,46,0.4933923213280101,-0.11632504110219422,39.0,0.7842049240834957,-0.03235536797452585,2.1999999999999997,0.7666666666666666,Oleksandr,25,25,Zinchenko,Oleksandr,0.0013966480446927375,0.04681526085112331,75.02695024122127,4.363356383490655e-06,153.04285714285714,466.3326653306613,0.00023447998308333504,0.017592318023355782,3.997874166159679,60.61979396747166
Zouma,2014,103192,50,42,15,5,19589,60,309,4.04,0.05979789620452797,0.05210818463623932,3.86,0.18,0.014898609415478058,0.00071997524257596,17,1,735,60.83,409.36,40.879999999999995,157.2,57,0,0,56,0.2791541124626807,-0.46903334168590893,87.67999999999999,1.451737466677453,-0.05774650039280734,3.7333333333333334,0.24444444444444446,Kurt,532,532,Zouma,Kurt,0.0010209811628975446,0.015618584658054019,23.935551613872683,2.4975077370292187e-05,213.57399999999998,814.8502495840266,0.0014180293929132563,0.033941315724063795,2.4945392633300503,52.28946874283723
dos Santos Magalhães,2020,226597,50,49,13,1,11510,49,131,10.83,0.10126366466240087,0.007396449704142,9.52,1.31,0.06640098173821123,0.009163808470789975,17,2,519,113.8,657.8,108.975,370.75,46,0,0,72,0.3738755429974506,-0.26076755983137834,68.02000000000001,1.0257944425758965,0.021293912921938635,2.9166666666666665,2.0833333333333335,Gabriel,3,3,dos Santos Magalhães,Gabriel,0.0012163336229365769,0.0755647902090012,58.912724400776206,1.1161584059982353e-05,405.47499999999997,463.5521546516311,6.632135348618194e-05,0.003907171619817895,3.4407799511075177,104.66046129253272
van Dijk,2015,97032,55,56,22,12,23411,102,250,7.51,0.09535190987950073,0.037294789703387246,5.38,2.13,0.01788349795904091,0.007118325664123578,18,2,1111,102.74444444444445,614.911111111111,102.17777777777778,310.0,106,0,0,68,0.3717300254198002,-0.3098810812355884,86.89,1.1464327285087714,-0.007544249936833636,-0.9750000000000001,0.175,Virgil,339,339,van Dijk,Virgil,0.0014523087437529367,0.025001823623164488,51.484884756418374,1.4213547948865192e-05,360.0222222222222,563.9845820284269,0.0002406476791637012,0.012389718028642699,2.8024068943194047,92.59885810440284
van de Ven,2023,491279,45,44,3,0,2341,5,38,0.94,0.1153353267834259,0.0,0.61,0.33,0.0234515164459632,0.0126868859461768,5,0,81,70.5,561.6,56.7,85.0,10,0,0,27,0.1922255446390431,-0.5074754378470739,37.56,1.4609141392567278,,,,Micky,506,506,van de Ven,Micky,0.0012815036309269544,0.03613840239214,19.886134130713373,2.2601474972256688e-05,225.07999999999998,594.1624365482234,0.0,0.0,1.666666666666666,52.970838103374625
