second_name_defender,season_name,element_code,start_cost,end_cost,goals_scored,assists,minutes,expected_goal_involvements,goals_scored_per_90,assists_per_90,expected_goals,expected_assists,expected_goals_per_90,expected_assists_per_90,yellow_cards,red_cards,total_points,ict_index,influence,creativity,threat,penalties_missed,penalties_saved,starts,clean_sheets_per_90,defensive_effectiveness,goals_conceded_per_90,defensive_effectiveness_trend,goals_conceded_trend,clean_sheets_trend,first_name_defender,id_defender,second_name_ref,first_name_ref,DS,DSS
Aarons,2019,232980,45,42,0,5,7352,0.93,0.0,0.06368998840406437,0.04,0.89,0.0009732360097323333,0.021654501216545,16,0,149,83.9,419.2,272.46666666666664,149.33333333333334,0,0,13,0.13663923606738806,-0.8365397330052028,2.227988568580395,-0.0516031998359347,-6.333333333333332,-0.6666666666666667,Max,59,Aarons,Max,0.058823529411764705,-0.006051196472131565
Adarabioyo,2020,109646,45,45,3,1,6653,2.2800000000000002,0.051524106345375374,0.0101591601760921,1.49,0.79,0.02470092738640463,0.012706428992227398,7,0,215,77.63333333333334,540.0,66.5,167.66666666666666,0,0,41,0.24600476062095522,-0.4784200251917415,1.4420548236003088,-0.0441541372149023,-3.0,-1.5,Tosin,187,Adarabioyo,Tosin,0.125,0.15016574016368062
Aguerd,2022,210494,50,48,3,0,3451,4.24,0.0806943647725821,0.0,3.6,0.64,0.09615353820769726,0.01642847876629435,5,1,94,62.900000000000006,433.79999999999995,63.0,131.5,0,0,38,0.18961959529171385,-0.666832203963571,1.856700105200641,-0.1473842742270591,8.0,-1.5,Nayef,529,Aguerd,Nayef,0.125,0.06645963050883658
Aina,2016,159506,50,45,3,2,4380,1.35,0.0402740018124633,0.029012740551202038,0.34,1.01,0.006035502958579866,0.017928994082840235,6,0,150,48.13333333333333,266.8,143.79999999999998,70.0,0,0,20,0.12559304866997173,-0.3888480196172505,1.0977130977130978,-0.19442400980862523,12.5,1.6666666666666667,Ola,422,Aina,Ola,0.14285714285714285,0.1280398044551433
Ajer,2021,191866,45,44,3,4,4584,4.06,0.04789630154246514,0.061542135733638564,1.26,2.8000000000000003,0.021616550797494735,0.0487488856893079,10,0,178,54.93333333333334,297.8666666666667,105.16666666666667,144.66666666666666,0,0,30,0.35972143951526475,-0.48564358331946317,1.5738303978139225,-0.026280438276272897,-2.833333333333334,-1.1666666666666665,Kristoffer,86,Ajer,Kristoffer,0.09090909090909091,0.19928979969712293
Akanji,2022,211975,50,51,2,1,4796,5.6899999999999995,0.035828025477707,0.01970227670753065,2.91,2.7800000000000002,0.0541683979943556,0.05157133674300306,4,1,194,84.4,461.0,222.6,158.5,0,0,52,0.334970077080103,-0.21208183207469294,0.8651746572668355,0.0401073097816993,0.0,2.0,Manuel,340,Akanji,Manuel,0.14285714285714285,0.28591151803832615
Aké,2012,126184,40,40,18,11,17722,6.46,0.08734085217323641,0.03893374903816723,4.0200000000000005,2.44,0.015298590892874877,0.009404349026165075,21,1,709,57.03333333333333,354.34999999999997,72.38333333333334,143.16666666666666,0,0,46,0.2295741787119672,-0.33445072650260405,1.0657009949684775,0.011208591454708426,1.6727272727272726,0.49090909090909096,Nathan,341,Aké,Nathan,0.041666666666666664,0.19312609422323815
Alexander-Arnold,2016,169187,45,43,15,66,18330,20.24,0.06459790769476362,0.2724470581124612,5.14,15.1,0.02361248475218665,0.06616751040284745,26,0,1132,190.7,653.7249999999999,948.675,303.625,0,0,59,0.36844586228573317,-0.2465503967245521,0.9848218540971134,0.022603734947586416,4.457142857142857,1.7142857142857142,Trent,311,Alexander-Arnold,Trent,0.037037037037037035,0.28605991790907
Andersen,2020,174874,45,45,4,8,11841,6.74,0.029505787100638024,0.05889011238836267,3.62,3.12,0.02665065084677845,0.022111449145308475,25,1,418,109.525,686.45,201.95000000000002,204.75,0,0,70,0.2974273115480856,-0.38653815580553197,1.2637727010619155,-0.010121244313337833,2.0,0.25,Joachim,191,Andersen,Joachim,0.03571428571428571,0.20392816336797692
Aït-Nouri,2020,448514,50,50,5,8,6620,7.029999999999999,0.06881880786365563,0.09436679545130103,4.38,2.65,0.0567374196960098,0.03521428896508085,16,0,259,78.275,320.7,266.42499999999995,194.75,0,0,38,0.24782433964602074,-0.4950124721458169,1.485355520010563,0.006424414046632435,1.5,0.4166666666666667,Rayan,533,Aït-Nouri,Rayan,0.058823529411764705,0.14561675234303334
Badiashile,2022,242880,50,50,1,1,2241,2.65,0.0497787610619469,0.03365744203440535,1.53,1.12,0.07180874828734256,0.0409205988840423,5,0,75,41.3,278.1,68.25,66.0,0,0,25,0.30008737035100375,-0.47652087290923417,1.491389552624089,-0.2774058286614466,11.0,-0.5,Benoît,153,Badiashile,Benoît,0.16666666666666666,0.17515424047161451
Barbosa Pereira,2018,111931,50,53,7,15,8038,0.82,0.09104907533599453,0.17371991164991712,0.12,0.7,0.00478935698447892,0.02793791574279378,16,0,351,91.2,447.68,273.26,191.2,0,0,5,0.18498312627506253,-0.5713565322945574,1.613374457011456,-0.04197457975951832,-5.15,-1.35,Ricardo,302,Barbosa Pereira,Ricardo,0.058823529411764705,0.09301436863418977
Barco,2023,543158,40,40,0,0,307,0.58,0.0,0.0,0.2,0.38,0.0586319218241042,0.111400651465798,1,0,5,15.5,44.8,69.6,39.0,0,0,3,0.0,-1.0553745928338762,2.6384364820846904,-0.04197457975951832,-5.15,-1.35,Valentín,116,Barco,Valentín,0.5,-0.1286219194620304
Bassey,2023,232892,45,44,1,0,2299,0.53,0.039147455415398,0.0,0.37,0.16,0.0144845585036972,0.0062635928664636,4,1,66,55.0,462.8,34.8,50.0,0,0,25,0.234884732492388,-0.5637233579817311,1.644193127446716,-0.04197457975951832,-5.15,-1.35,Calvin,241,Bassey,Calvin,0.14285714285714285,0.11815385520257025
Bednarek,2017,171771,45,41,7,3,13133,0.68,0.0676966525610838,0.016722225207921184,0.42,0.26,0.0035593220338982997,0.0022033898305084667,32,1,375,73.33333333333333,548.8333333333334,59.666666666666664,122.83333333333333,0,0,21,0.23444649947842866,-0.565878735172621,1.6491433374099806,-0.07510832032901679,8.92,0.76,Jan,455,Bednarek,Jan,0.02857142857142857,0.11729165818829057
Bella-Kotchap,2022,477386,45,45,0,2,1881,1.49,0.0,0.0956937799043062,1.05,0.44,0.0502392344497607,0.0210526315789473,4,0,49,60.6,422.4,76.4,105.0,0,0,24,0.1435406698564593,-0.6889952153110048,1.8660287081339717,-0.07510832032901679,8.92,0.76,Armel,456,Bella-Kotchap,Armel,0.2,0.03864574929507708
Boly,2018,90585,45,47,7,4,10048,2.65,0.047799190326447395,0.047926965163045426,1.61,1.04,0.017380416071493966,0.013958630919679133,9,3,397,65.61666666666666,445.93333333333334,68.2,141.66666666666666,0,0,27,0.2904570772105549,-0.43292568715552066,1.3727712950993567,-0.008447619462779481,-4.6,-0.6,Willy,425,Boly,Willy,0.0625,0.18507783698330926
Botman,2022,220237,45,45,2,4,4502,5.0,0.06545454545454545,0.09423612524348049,3.37,1.6300000000000001,0.05986558130069475,0.03335868825769685,4,0,180,78.25,484.9,91.6,203.5,0,0,50,0.2852620868098962,-0.4382210076460157,1.3808146059249355,-0.242506265081257,-0.5,-5.0,Sven,393,Botman,Sven,0.2,0.18099413335212233
Bradley,2023,492777,40,41,1,3,752,2.15,0.1196808510638297,0.3590425531914893,0.91,1.24,0.1089095744680851,0.1484042553191489,2,0,50,60.6,230.4,215.8,160.0,0,0,10,0.3590425531914893,-0.1914893617021277,0.8377659574468085,-0.242506265081257,-0.5,-5.0,Conor,313,Bradley,Conor,0.3333333333333333,0.30446508298180247
Branthwaite,2019,480455,40,40,4,1,3802,2.91,0.106402563413639,0.0096277278562259,1.62,1.29,0.015596919127086,0.012419768934531434,8,1,142,41.666666666666664,315.2,24.066666666666666,76.33333333333333,0,0,35,0.21586718243524627,-0.8510355958264987,2.3434561720014924,-0.12451445343164395,8.166666666666666,1.6666666666666665,Jarrad,219,Branthwaite,Jarrad,0.09090909090909091,0.02745398291734874
Bree,2022,184386,45,45,0,0,366,0.34,0.0,0.0,0.03,0.31,0.0073770491803278,0.0762295081967213,1,0,4,14.0,63.8,66.2,11.0,0,0,4,0.0,-1.1803278688524592,2.950819672131148,-0.12451445343164395,8.166666666666666,1.6666666666666665,James,457,Bree,James,0.5,-0.16013196381198566
Bueno,2023,231480,45,45,0,0,819,0.01,0.0,0.0,0.0,0.01,0.0,0.001098901098901,1,0,13,20.3,173.8,27.1,2.0,0,0,9,0.0,-0.7912087912087913,1.978021978021978,-0.12451445343164395,8.166666666666666,1.6666666666666665,Santiago,564,Bueno,Santiago,0.5,-0.057503750861684466
Bueno López,2022,490721,40,38,0,1,2034,2.16,0.0,0.03442999234889055,0.48,1.6800000000000002,0.025041544366436547,0.07652077639290705,2,0,70,43.1,181.7,195.64999999999998,53.0,0,0,23,0.2270864007055438,-0.704701906673304,1.9888411673888038,0.0114419341836202,-6.5,-0.5,Hugo,549,Bueno López,Hugo,0.3333333333333333,0.07297616882113678
Burn,2013,78916,40,40,5,3,13838,7.869999999999999,0.029221133155653084,0.01710425761139835,5.470000000000001,2.4000000000000004,0.028668736223039917,0.012340756784830065,27,0,476,81.89999999999999,466.2,160.5,192.83333333333334,0,0,67,0.2570826017169585,-0.4744139057515422,1.4431173660958139,0.14235153576625262,3.4,1.8399999999999999,Dan,395,Burn,Dan,0.03571428571428571,0.1564524567343769
Cabral Semedo,2020,200402,55,51,1,7,10831,4.09,0.00754274220583305,0.056323475073507025,1.5,2.6,0.011605902559699451,0.020106067334534274,27,2,341,101.25,476.3,331.825,204.0,0,0,67,0.2677521724880804,-0.4326036208926867,1.3492612247197973,0.0006194433877657335,-1.0,-0.4166666666666667,Nélson,559,Cabral Semedo,Nélson,0.03125,0.1750550818085816
Casey,2023,518438,40,40,0,0,1,0.0,0.0,0.0,0.0,0.0,0.0,0.0,0,0,1,0.2,2.0,0.0,0.0,0,0,0,0.0,0.0,0.0,0.0006194433877657335,-1.0,-0.4166666666666667,Kaelan,643,Casey,Kaelan,1.0,0.3
Cash,2020,199796,50,50,6,9,9705,8.03,0.04769858169485812,0.08476529881684007,4.61,3.42,0.04888680624164357,0.0377578160837285,26,1,357,108.19999999999999,510.95,298.775,272.25,0,0,43,0.2720174537041051,-0.45237761591841397,1.40296149350014,-0.029427178336057864,0.8333333333333334,-1.0833333333333333,Matty,32,Cash,Matty,0.034482758620689655,0.17037914931147774
Castagne,2020,166477,55,58,6,11,10354,7.640000000000001,0.052163003669879825,0.0916946997416415,3.45,4.1899999999999995,0.025966997249040648,0.032347076448634125,8,0,388,104.57499999999999,526.8,316.6,200.5,0,0,65,0.2534243552983029,-0.47882884400546283,1.4504964653119599,-0.0009742202121976682,1.8333333333333333,0.4166666666666667,Timothy,244,Castagne,Timothy,0.1111111111111111,0.15337058054006275
Cavaco Cancelo,2019,121145,55,51,5,17,8003,2.36,0.06190423358505877,0.1512106810611114,0.83,1.53,0.014670070699135875,0.02704241948153965,19,2,457,139.45,476.95,503.475,415.5,0,0,16,0.4689614016014256,-0.1596613660017404,0.8681148166057766,0.006530582010484902,2.4166666666666665,2.0,João,353,Cavaco Cancelo,João,0.041666666666666664,0.3631381286900854
Chalobah,2021,180736,50,47,4,1,3997,1.5,0.09380987370403354,0.020732550103662734,1.02,0.48,0.021687841305717066,0.0110542080851733,7,0,187,49.93333333333333,317.06666666666666,81.73333333333333,100.33333333333333,0,0,28,0.3751210639603206,-0.28150477605869356,1.0788830041070545,-0.14075238802934675,3.333333333333333,-1.6666666666666665,Trevoh,159,Chalobah,Trevoh,0.125,0.27556784202785084
Chilwell,2016,172850,45,43,12,22,13142,6.789999999999999,0.12350768768166931,0.14806829743214212,2.68,4.11,0.0292037922648496,0.04421575750447687,21,1,604,92.4875,364.925,361.6,198.0,0,0,24,0.3192836798659219,-0.3768967896148151,1.2615256539029598,0.08777839146859383,-0.17142857142857132,0.7142857142857143,Ben,160,Chilwell,Ben,0.041666666666666664,0.21691629448488958
Clyne,2012,57328,40,41,4,16,21212,1.02,0.010666339802198364,0.066102573467132,0.21,0.8099999999999999,0.001287027579162409,0.0042840305761654,24,0,777,28.7,131.65454545454546,110.6,44.27272727272727,0,0,33,0.31429193237990716,-0.35075003333284616,1.1911670157120227,0.01229920437014332,-3.3200000000000003,-0.22000000000000003,Nathaniel,196,Clyne,Nathaniel,0.04,0.22390930197916903
Coady,2012,94147,40,40,6,1,15601,1.33,0.02955647966200235,0.00716332378223495,0.84,0.49,0.00601719197707735,0.0035100286532951165,21,0,534,60.78333333333333,504.73333333333335,40.03333333333333,62.5,0,0,23,0.24114028720246475,-0.30405622442760877,1.0012808482714868,-0.07297349386262605,8.32,2.0,Conor,288,Coady,Conor,0.045454545454545456,0.20966289657743553
Coleman,2009,59949,45,45,22,31,28653,1.92,0.051119855324835366,0.136733746049481,0.3,1.62,0.0010882708585247868,0.0096913730432985,34,2,1236,38.36666666666667,190.56,107.85333333333332,85.0,0,0,27,0.3178835833773006,-0.38471920397526654,1.279681593315467,0.041961462694744045,1.6857142857142857,0.4142857142857143,Séamus,221,Coleman,Séamus,0.02564102564102564,0.21359527609886544
Collins,2021,432830,45,43,3,1,6130,2.98,0.0472531720251456,0.011325028312570767,1.82,1.16,0.0218168447132879,0.0142375179239991,7,2,188,75.73333333333333,508.93333333333334,89.53333333333335,156.66666666666666,0,0,48,0.23535729131813496,-0.5688824235947779,1.65756335030508,-0.058093906408167355,6.0,0.16666666666666652,Nathan,88,Collins,Nathan,0.08333333333333333,0.11678752262511592
Colwill,2022,460028,45,44,1,3,3012,3.54,0.02508361204013375,0.09897523765589725,2.7,0.8400000000000001,0.08445145559088585,0.024747516351714252,3,0,111,53.05,315.4,107.55000000000001,106.5,0,0,33,0.2362554986243142,-0.4767121933538725,1.4280359820089954,0.055307511079625,2.5,1.0,Levi,162,Colwill,Levi,0.25,0.14634196392943444
Coufal,2020,164555,45,48,0,22,10531,5.35,0.0,0.17840233959122473,0.63,4.72,0.00546278139461915,0.039623948096769473,16,2,341,115.55,544.4,475.5,134.25,0,0,60,0.19833819171937583,-0.5426873201789433,1.555056492166734,-0.047300488520682436,1.0,-1.0833333333333333,Vladimír,516,Coufal,Vladimír,0.047619047619047616,0.10804586548947061
Cresswell,2014,55459,55,56,10,34,24795,3.65,0.030131283467150584,0.1045586174788792,0.36,3.29,0.0014496644295301999,0.02066444510191687,33,1,905,83.17,359.02000000000004,373.61,97.3,0,0,28,0.2048308836365464,-0.5182487634680519,1.500452792306676,-0.0154429162517118,-1.3777777777777775,-0.35555555555555557,Aaron,517,Cresswell,Aaron,0.027777777777777776,0.1187439590296303
Cucurella Saseta,2021,179268,50,49,1,6,6541,3.51,0.009711880867594667,0.09613827595037332,1.54,1.97,0.026348104241274733,0.03424967244399623,20,0,235,101.43333333333334,472.8666666666666,405.7333333333333,133.66666666666666,0,0,41,0.2819820004228366,-0.40460881154502704,1.293504029285404,-0.0391448071969227,-4.166666666666666,-2.0,Marc,163,Cucurella Saseta,Marc,0.047619047619047616,0.1908734554530889
Dalot Teixeira,2018,216051,55,53,3,7,8197,8.07,0.019706467277109764,0.06942074703958284,4.16,3.91,0.030297836979360636,0.02629456223076434,17,1,298,82.2,365.64,312.32,144.2,0,0,59,0.19693466016352182,-0.5151513787057508,1.4848131069278987,0.022847437781441403,2.3499999999999996,0.95,Diogo,369,Dalot Teixeira,Diogo,0.05,0.11617048059450928
Davies,2012,115556,40,44,10,25,22687,5.390000000000001,0.03488271808051158,0.10384430619749359,3.3499999999999996,2.04,0.01949166511980759,0.008767149959243624,39,0,911,56.10833333333333,266.0833333333333,190.875,103.5,0,0,38,0.2941738492416317,-0.35821469733109246,1.189710592569363,0.006578188614952927,-2.1999999999999997,-0.18181818181818182,Ben,484,Davies,Ben,0.025,0.21244839158987236
Davis,2020,455084,40,38,0,0,31,0.0,0.0,0.0,0.0,0.0,0.0,0.0,0,0,2,0.3,2.8,0.6,0.0,0,0,0,0.0,0.0,0.0,0.006578188614952927,-2.1999999999999997,-0.18181818181818182,Leif,267,Davis,Leif,1.0,0.3
Dawson,2011,60232,45,43,21,8,24721,3.8,0.060197606572846035,0.03386312174502098,3.1100000000000003,0.69,0.01074164415573505,0.0023749068202289,52,2,826,58.71666666666667,344.6333333333334,67.025,174.5,0,0,50,0.21759979693792952,-0.4831707332980469,1.4255266301830467,0.016132547641731818,2.3818181818181823,0.4545454545454545,Craig,542,Dawson,Craig,0.017543859649122806,0.1358502318174598
Digne,2018,101188,50,54,6,30,15013,6.8100000000000005,0.03653354051971237,0.16478707209501567,1.42,5.390000000000001,0.010497692474904249,0.04086902844275498,31,2,616,156.0,580.5666666666667,773.0166666666668,204.66666666666666,0,0,45,0.27129925715000397,-0.4654976265031214,1.4350433234078073,-0.03884493643362358,0.35999999999999943,-1.24,Lucas,36,Digne,Lucas,0.027777777777777776,0.1657511967071444
Diop,2018,219924,45,42,7,2,11506,1.46,0.05055038379988913,0.02103369568694453,0.55,0.9099999999999999,0.0049070233472294665,0.00808762490445805,19,1,357,59.300000000000004,459.2,35.766666666666666,96.83333333333333,0,0,37,0.21502211946767988,-0.5197036211997889,1.5142811724671519,-0.02000159636067656,-2.72,-0.6,Issa,245,Diop,Issa,0.045454545454545456,0.12288873284942668
Disasi,2023,220362,50,49,2,0,2579,3.81,0.0697944939899185,0.0,2.35,1.46,0.0820085304381543,0.0509499806126405,6,0,71,85.1,573.2,105.5,172.0,0,0,29,0.1744862349747964,-0.6281504459092672,1.7448623497479645,-0.02000159636067656,-2.72,-0.6,Axel,167,Disasi,Axel,0.14285714285714285,0.07090812648325348
Doherty,2011,87835,40,40,12,22,9930,2.76,0.09474050039875863,0.15949929993573214,1.63,1.13,0.024423293152580645,0.014969340932472656,10,1,502,83.77142857142857,322.37142857142857,224.75714285714284,290.0,0,0,16,0.24246995772041052,-0.3185040163686751,1.0387299986420981,-0.06171015396262397,2.9,0.7666666666666666,Matt,543,Doherty,Matt,0.07692307692307693,0.20468460757099782
Drăgușin,2023,493125,45,42,0,0,424,0.15,0.0,0.0,0.14,0.01,0.0297169811320754,0.0021226415094339,1,0,14,11.0,95.4,7.4,6.0,0,0,4,0.2122641509433962,-0.509433962264151,1.4858490566037736,-0.06171015396262397,2.9,0.7666666666666666,Radu,486,Drăgușin,Radu,0.5,0.12492839497332708
Dunk,2017,83299,45,45,16,7,21415,7.949999999999999,0.06819664926139885,0.028231010706091984,4.82,3.14,0.020743400996973645,0.013609769456754458,39,5,739,127.68571428571428,772.7142857142857,145.95714285714286,356.57142857142856,0,0,69,0.27021293527042095,-0.454620439533086,1.4067640341031358,0.005214219011038384,-1.4666666666666661,-0.09999999999999998,Lewis,120,Dunk,Lewis,0.02,0.1688310763806491
Estupiñán,2022,204214,45,50,3,10,3916,8.9,0.08929248913314465,0.22649669929433186,2.8,6.1,0.06652358188893585,0.14573022015544204,8,0,185,125.75,463.0,570.25,226.5,0,0,46,0.27698286234593994,-0.555472450760409,1.6656639892469625,-0.1111942159062577,-8.5,-3.5,Pervis,122,Estupiñán,Pervis,0.1111111111111111,0.13993925738565577
Evans,2007,37642,45,44,14,15,31269,0.6799999999999999,0.03369665095558124,0.03599502011596164,0.23,0.45,0.0010850148946723059,0.0019357936449317529,56,3,1217,33.9,226.15294117647062,41.705882352941174,70.52941176470588,0,0,27,0.2552424357889671,-0.3770882285385131,1.1979630071352498,-0.006915236934440136,0.8999999999999999,0.38749999999999996,Jonny,371,Evans,Jonny,0.015873015873015872,0.1886935854518403
Faes,2022,218218,45,42,1,2,2786,1.78,0.0323043790380473,0.0646087580760947,1.2,0.58,0.0387652548456568,0.0187365398420674,4,1,78,93.8,712.2,115.9,110.0,0,0,31,0.2261306532663316,-0.5685570710696339,1.6475233309404165,-0.006915236934440136,0.8999999999999999,0.38749999999999996,Wout,291,Faes,Wout,0.14285714285714285,0.11266736144310018
Fofana,2020,444463,50,50,1,1,4252,1.03,0.022026431718061665,0.013274336283185834,0.74,0.29,0.016299559471365632,0.006387665198237867,13,0,125,45.73333333333333,309.3333333333333,65.83333333333333,79.66666666666667,0,0,14,0.1845922650374718,-0.43024220720996675,1.2601977830623887,-0.0319352628970188,-4.833333333333334,-1.8333333333333333,Wesley,189,Fofana,Wesley,0.07142857142857142,0.1389794379389679
Gato Alves Dias,2020,171314,55,59,3,6,9798,5.01,0.026656365920929573,0.05476965205170843,2.74,2.27,0.027466120964787,0.02081353845394605,12,0,451,91.975,557.0,152.1,208.75,0,0,50,0.44633278467247883,-0.12607899827894045,0.7615302803698301,-0.025142759069882403,-0.08333333333333333,-1.5833333333333333,Rúben,361,Gato Alves Dias,Rúben,0.07692307692307693,0.36825706049604606
Gilchrist,2023,514280,40,40,1,0,200,0.37,0.45,0.0,0.32,0.05,0.144,0.0225,1,0,20,11.1,70.6,8.6,33.0,0,0,2,0.45,-0.8999999999999998,2.7,-0.025142759069882403,-0.08333333333333333,-1.5833333333333333,Alfie,170,Gilchrist,Alfie,0.5,0.1260810810810811
Gomes,2021,510362,45,44,2,4,4109,2.83,0.04150126308191986,0.04330566582461203,1.9700000000000002,0.86,0.028274990977986265,0.013875857091302735,14,0,131,44.36666666666667,289.0,65.56666666666666,88.0,0,0,41,0.1660050523276795,-0.5175748827138217,1.4599422591122337,0.04121255864308915,8.5,1.3333333333333333,Toti António,567,Gomes,Toti António,0.06666666666666667,0.10144163162797046
Gomez,2015,171287,45,42,0,6,9548,2.96,0.0,0.08436800896956641,1.22,1.7400000000000002,0.008015774702073312,0.011952309134564125,25,0,433,38.475,231.2,118.73750000000001,34.0,0,0,32,0.44661370589122995,-0.2233368819112031,1.0049559106692378,-0.01868381394113213,1.2285714285714284,0.39999999999999997,Joe,322,Gomez,Joe,0.038461538461538464,0.32826870202592456
Gusto,2023,482609,40,43,0,6,1746,4.4,0.0,0.3092783505154639,1.01,3.39,0.052061855670103,0.1747422680412371,7,1,74,110.4,434.8,494.8,174.0,0,0,19,0.2577319587628865,-0.4742268041237113,1.4432989690721647,-0.01868381394113213,1.2285714285714284,0.39999999999999997,Malo,171,Gusto,Malo,0.1,0.1568054286832833
Guéhi,2021,209036,45,45,3,2,8572,3.86,0.027630982938245466,0.024162472113133066,2.04,1.8199999999999998,0.021767014539291734,0.0222388725359022,14,0,284,91.3,614.4666666666667,116.86666666666667,179.33333333333334,0,0,60,0.27261084858297085,-0.40696941202500136,1.2900343786454744,-0.024713756291830202,-1.3333333333333321,-1.166666666666667,Marc,200,Guéhi,Marc,0.06666666666666667,0.18591394202400885
Gvardiol,2023,477424,50,52,4,2,2327,5.23,0.1547056295659647,0.0773528147829823,3.14,2.09,0.1214439192092823,0.0808336914482165,3,0,123,129.7,544.4,362.2,389.0,0,0,26,0.3480876665234207,-0.2165878813923507,0.8895573700042975,-0.024713756291830202,-1.3333333333333321,-1.166666666666667,Joško,350,Gvardiol,Joško,0.25,0.2894935983523555
Hall,2022,487838,45,43,1,0,1426,3.3600000000000003,0.05821474773609315,0.0,1.18,2.1799999999999997,0.0775727114779235,0.14252717579724586,3,0,57,41.849999999999994,164.60000000000002,147.45,106.0,0,0,16,0.18534220603880192,-0.5085098332108351,1.4566167890658894,0.0427918513220899,0.5,0.5,Lewis,399,Hall,Lewis,0.25,0.11308830503848566
Hause,2019,123354,45,44,3,0,2571,0.0,0.142615850062242,0.0,0.0,0.0,0.0,0.0,5,0,86,33.800000000000004,200.86666666666667,13.700000000000001,123.0,0,0,0,0.2572839971138088,-0.5476611223704057,1.626436803039823,0.09922643363344999,-8.833333333333334,0.0,Kortney,40,Hause,Kortney,0.16666666666666666,0.13333296789916854
Henry,2021,194010,45,45,3,4,6416,5.67,0.032432432432432434,0.10259074535882513,1.87,3.8,0.021903574397339965,0.09418352267479446,7,0,233,74.56666666666666,327.93333333333334,268.26666666666665,149.66666666666666,0,0,42,0.2739621167301965,-0.3877087561376838,1.2432340070744061,0.0137131894987256,-5.166666666666666,-1.0,Rico,92,Henry,Rico,0.125,0.19317479752951383
Hickey,2022,472713,50,49,0,3,2631,1.29,0.0,0.070385818561001,0.5800000000000001,0.71,0.02153825791534245,0.021812693505243702,12,0,80,29.0,147.0,74.55,69.5,0,0,32,0.24353690657782545,-0.487073813155651,1.461221439466953,-0.0178350227489773,-9.0,-1.5,Aaron,93,Hickey,Aaron,0.07692307692307693,0.14624438898721587
Hill,2023,463981,40,40,0,0,74,0.01,0.0,0.0,0.0,0.01,0.0,0.0121621621621621,0,0,5,3.5,32.6,2.2,0.0,0,0,1,0.0,-0.4864864864864865,1.2162162162162162,-0.0178350227489773,-9.0,-1.5,James,68,Hill,James,1.0,0.03806855636123929
Hoever,2020,441271,45,44,0,0,879,0.0,0.0,0.0,0.0,0.0,0.0,0.0,2,0,27,12.899999999999999,71.5,40.900000000000006,17.0,0,0,0,0.14705882352941174,-0.5808438558669541,1.599168463196797,0.1102556205728364,-3.0,0.5,Ki-Jana,552,Hoever,Ki-Jana,0.3333333333333333,0.07278217030279084
Holding,2016,156074,45,41,2,2,6974,0.47,0.0381836008424722,0.020726800993855,0.32,0.15,0.007320793085917628,0.0034316217590238856,12,1,254,32.728571428571435,244.74285714285716,31.0,51.0,0,0,6,0.23462970013522702,-0.4765177749838912,1.425924137594955,-0.05511910476119852,1.1333333333333335,-0.16666666666666666,Rob,202,Holding,Rob,0.06666666666666667,0.14567550837035664
Holgate,2016,194164,45,41,3,7,10650,1.92,0.015469783049270725,0.04067805622296504,1.55,0.37,0.030935733226597276,0.0069442012308000125,31,3,326,42.475,275.225,72.2125,77.0,0,0,14,0.22157875693014734,-0.6002561615517981,1.7222191608096424,-0.04728634835665846,1.542857142857143,-0.11428571428571425,Mason,225,Holgate,Mason,0.02631578947368421,0.10094235172307615
James,2019,225796,50,49,7,18,7398,5.65,0.07040649510479233,0.24913523833954548,1.36,4.29,0.028343088071348922,0.10130992196209584,12,3,369,110.02000000000001,381.15999999999997,477.9599999999999,239.2,0,0,19,0.22466207113332848,-0.5165918527025612,1.5161417028897315,-0.021863194963719745,-0.5499999999999998,-0.10000000000000009,Reece,172,James,Reece,0.05263157894736842,0.12824283384194518
Johnson,2018,222018,40,40,2,0,3643,0.8200000000000001,0.03980706164372158,0.0,0.31,0.51,0.008016771850955284,0.01004365868418775,3,0,127,20.0,117.86666666666667,60.833333333333336,21.0,0,0,13,0.1240464118698697,-0.5765462196165897,1.5654119609113437,0.0009837460016958815,2.2,0.27999999999999997,Ben,275,Johnson,Ben,0.25,0.06365424473074292
Jorgensen,2017,48760,45,45,5,5,8266,2.77,0.07660968057583852,0.04058165152961944,2.0700000000000003,0.7000000000000001,0.0340883474266835,0.011577280075746479,20,0,266,55.839999999999996,368.12,81.12,107.8,0,0,23,0.21144939119320597,-0.562060359871534,1.6166002908720412,-0.014199300494199275,-7.25,-1.5,Mathias,112,Jorgensen,Mathias,0.047619047619047616,0.10796521349112104
Justin,2019,220627,50,47,2,5,5328,0.8,0.0217391304347826,0.07995885017033443,0.31,0.49,0.005571086261980825,0.008805910543130974,5,0,210,56.7,277.8,190.175,98.25,0,0,14,0.32197195077112595,-0.4018416866949574,1.3265761675085197,-0.015135347710200336,1.75,0.3333333333333333,James,295,Justin,James,0.16666666666666666,0.20956248162814375
Kaboré,2023,476369,40,40,0,3,1727,2.09,0.0,0.1563404748118124,0.22,1.87,0.0114649681528662,0.097452229299363,7,0,34,64.0,326.6,253.0,62.0,0,0,21,0.0,-0.8129704690214243,2.032426172553561,-0.015135347710200336,1.75,0.3333333333333333,Issa,626,Kaboré,Issa,0.125,-0.06366340829731523
Keane,2014,106611,45,42,13,10,20080,2.74,0.07138280817366155,0.05075278459590038,1.85,0.8899999999999999,0.02593773788267829,0.00981653789478339,21,1,739,82.12222222222222,544.7333333333333,63.14444444444444,212.0,0,0,14,0.2511104495152526,-0.5610385290038022,1.653706772024758,-0.011428859275397074,0.9749999999999996,0.475,Michael,228,Keane,Michael,0.041666666666666664,0.12639693465063606
Kelly,2019,235530,45,44,0,3,4231,1.98,0.0,0.04872921480246956,0.51,1.47,0.009067933032839632,0.025168554221430967,7,0,119,38.46666666666667,257.40000000000003,94.73333333333335,31.333333333333332,0,0,40,0.19782115572472256,-0.6737959721531399,1.8823110861075723,0.05808633994223885,6.666666666666666,1.1666666666666667,Lloyd,404,Kelly,Lloyd,0.125,0.06823452749136225
Kerkez,2023,544877,45,44,0,2,1966,2.38,0.0,0.091556459816887,1.32,1.06,0.0604272634791454,0.0485249237029501,4,1,59,67.7,310.0,216.5,150.0,0,0,22,0.2746693794506612,-0.5676500508647,1.6937945066124112,0.05808633994223885,6.666666666666666,1.1666666666666667,Milos,70,Kerkez,Milos,0.14285714285714285,0.13517174903879542
Kesler-Hayden,2023,465390,40,40,0,0,5,0.0,0.0,0.0,0.0,0.0,0.0,0.0,0,0,3,0.0,0.0,0.0,0.0,0,0,0,0.0,0.0,0.0,0.05808633994223885,6.666666666666666,1.1666666666666667,Kaine,43,Kesler-Hayden,Kaine,1.0,0.3
Kilman,2018,214048,40,40,3,3,10907,4.71,0.014352286967418533,0.021592854340496584,3.09,1.62,0.01374895888041845,0.007180197242425683,17,0,361,58.833333333333336,411.5,74.68333333333334,100.83333333333333,0,0,75,0.1850108804662279,-0.3131516813995069,0.9678900839649951,-0.07515640353588163,6.36,1.24,Max,524,Kilman,Max,0.05555555555555555,0.1823226427890942
Kiwior,2022,440854,40,40,2,3,1367,1.4500000000000002,0.1536530535781191,0.143312101910828,0.84,0.61,0.04593855376545515,0.02972124391157735,1,0,93,28.3,163.7,62.400000000000006,55.5,0,0,16,0.49838890970400895,-0.20762832521543645,1.0174597227426003,0.1311952041963282,1.0,2.0,Jakub,8,Kiwior,Jakub,0.5,0.3563706432427841
Konaté,2021,204716,55,51,0,0,4111,3.0300000000000002,0.0,0.0,1.91,1.12,0.03678005149749287,0.021553425568874768,10,1,138,43.56666666666666,285.46666666666664,66.83333333333333,83.66666666666667,0,0,34,0.37125832111602536,-0.2881444886594636,1.0916195427646844,-0.0349813352388227,3.5,0.8333333333333335,Ibrahima,326,Konaté,Ibrahima,0.07692307692307693,0.2714297890216262
Konsa Ngoyo,2019,199798,45,43,6,3,14101,5.359999999999999,0.04049860682634426,0.023529479479335418,3.64,1.72,0.02086655920452116,0.00977083373793476,21,2,463,83.58,529.4399999999999,105.85999999999999,199.0,0,0,72,0.27597820655447924,-0.48026056018142116,1.4766296070080323,0.030082063094978375,1.5999999999999996,0.9500000000000002,Ezri,44,Konsa Ngoyo,Ezri,0.038461538461538464,0.16306935562483438
Krafth,2019,111773,45,43,1,3,4847,0.96,0.0139968895800933,0.0427333247156516,0.2,0.76,0.00396039603960396,0.01504950495049504,11,0,174,28.7,171.88,72.92,41.8,0,0,8,0.24860702886452607,-0.42170774636912256,1.3028763947873323,0.07191296488555188,-1.5,0.1,Emil,405,Krafth,Emil,0.08333333333333333,0.17023382893673938
Kristiansen,2022,481510,45,45,0,1,891,0.72,0.0,0.101010101010101,0.12,0.6,0.0121212121212121,0.0606060606060606,2,0,16,30.8,173.2,119.3,14.0,0,0,11,0.0,-0.8484848484848485,2.121212121212121,0.07191296488555188,-1.5,0.1,Victor,296,Kristiansen,Victor,0.3333333333333333,-0.07358046484260077
Lamptey,2019,232792,40,41,1,9,4400,2.08,0.020293122886133018,0.1727007410328038,0.54,1.54,0.01494054368659246,0.044082867550399855,12,1,189,40.9,141.88,174.76,93.2,0,0,13,0.2584623324297642,-0.4825613592013559,1.464865730433154,-0.04794243996188985,1.5499999999999998,-0.10000000000000003,Tariq,131,Lamptey,Tariq,0.06666666666666667,0.15442937795023376
Larios López,2022,515571,40,40,0,0,150,0.02,0.0,0.0,0.0,0.02,0.0,0.012,0,0,4,3.9,27.6,7.8,4.0,0,0,2,0.0,-0.4800000000000001,1.2000000000000002,-0.04794243996188985,1.5499999999999998,-0.10000000000000003,Juan,464,Larios López,Juan,1.0,0.040363636363636324
Lascelles,2015,101148,45,42,10,2,13874,0.98,0.06619646086016596,0.009572813210482225,0.85,0.13,0.0135125152943014,0.00177918282872985,31,1,468,51.8625,359.325,34.1125,124.375,0,0,15,0.2306466428498384,-0.5240044087569571,1.5406576647422312,0.004565494076634242,0.34285714285714264,0.08571428571428573,Jamaal,407,Lascelles,Jamaal,0.029411764705882353,0.1286021023385241
Leite de Souza Junior,2021,241157,50,46,4,3,5163,3.66,0.07389016947157886,0.0478485028049122,1.83,1.83,0.03366438933873143,0.03922637121650276,11,1,215,84.2,394.2,250.0,195.66666666666666,0,0,31,0.2529211182746862,-0.5458619487013902,1.6175759900281614,-0.146725891090397,1.0,-2.1666666666666665,Emerson,487,Leite de Souza Junior,Emerson,0.07142857142857142,0.13189802261350309
Lewis,2019,194799,45,44,3,1,6108,3.7199999999999998,0.04383233765981045,0.008183306055646466,0.84,2.88,0.015253731343283568,0.0504875621890547,11,0,185,37.63333333333333,171.5666666666667,147.83333333333334,56.833333333333336,0,0,18,0.20953809601169934,-1.0624393613692378,2.865636499434794,-0.16010612442402875,-7.75,-0.0625,Jamal,408,Lewis,Jamal,0.08333333333333333,-0.03011194114697402
Lindelöf,2017,184667,55,49,4,5,14601,1.7600000000000002,0.023758584343283644,0.030528686297535756,0.94,0.8200000000000001,0.009045477083357057,0.007852768690656656,15,0,535,55.199999999999996,408.0,78.01428571428572,64.42857142857143,0,0,28,0.3173301767654582,-0.34641034317106,1.1833560346931082,-0.014669482661313496,2.3666666666666667,0.4666666666666666,Victor,376,Lindelöf,Victor,0.0625,0.2267861712423906
Livramento,2021,441191,40,42,2,2,3528,1.21,0.036677838290741505,0.027272727272727268,0.38,0.83,0.008755760368663566,0.019124423963133633,3,0,127,52.9,247.79999999999998,173.86666666666667,105.66666666666667,0,0,12,0.1415374947633012,-0.4213238374528698,1.1948470883954756,0.07570171763720149,-9.5,-2.0,Tino,409,Livramento,Tino,0.25,0.12318776145661273
Maatsen,2023,441302,55,51,0,0,200,0.94,0.0,0.0,0.74,0.2,0.333,0.09,1,0,11,10.3,29.4,44.8,29.0,0,0,1,0.0,-0.9,2.25,0.07570171763720149,-9.5,-2.0,Ian,45,Maatsen,Ian,0.5,-0.08769230769230771
Maguire,2014,95658,45,41,13,14,19809,3.29,0.05166179064158617,0.059358145247425144,2.28,1.01,0.0162195180147936,0.006403722261989967,50,2,709,99.69999999999999,567.7777777777778,123.76666666666668,304.55555555555554,0,0,26,0.2651577926706728,-0.511697635574482,1.5444018816068779,0.10187929726794115,3.4000000000000004,1.05,Harry,377,Maguire,Harry,0.01818181818181818,0.14814527165222863
Malacia,2022,222690,45,42,0,0,1391,0.94,0.0,0.0,0.23,0.71,0.014881380301941,0.0459381739755571,6,0,62,45.3,223.6,148.8,79.0,0,0,14,0.4529115744069015,-0.1811646297627606,0.9058231488138032,0.10187929726794115,3.4000000000000004,1.05,Tyrell,379,Malacia,Tyrell,0.14285714285714285,0.3476351584972207
Martínez,2022,221820,45,44,1,1,2756,1.56,0.02129673450070985,0.06998444790046655,0.46,1.1,0.00979649787032655,0.02732142502276135,9,0,96,48.05,358.09999999999997,78.05000000000001,43.0,0,0,32,0.26165505840685555,-0.5123802219688679,1.5426056133290253,-0.1034829195552379,-10.5,-4.0,Lisandro,380,Martínez,Lisandro,0.1,0.14634068393173547
Mavropanos,2017,233963,45,42,1,0,1841,1.28,0.02,0.0,1.19,0.09,0.023799999999999964,0.0017999999999999666,3,1,47,18.666666666666668,126.46666666666665,19.099999999999998,41.333333333333336,0,0,16,0.214639175257732,-0.5210553334735956,1.517277508941721,0.1106063538817589,3.0,0.16666666666666663,Konstantinos,528,Mavropanos,Konstantinos,0.16666666666666666,0.12228489260328472
Mbabu,2015,120721,45,41,0,1,284,0.42,0.0,0.3191489361702128,0.0,0.42,0.0,0.13404255319148936,1,0,9,3.9,19.9,18.85,0.0,0,0,1,0.0,-1.5229876506472255,3.807469126618063,-0.2642463919059665,1.0,0.0,Kevin,250,Mbabu,Kevin,0.5,-0.24219463328316987
Mee,2014,51927,45,45,14,10,23886,6.28,0.06235444380759828,0.036868214853091524,4.76,1.52,0.022101103178130355,0.00839576467328881,45,1,826,93.52222222222223,605.8888888888889,79.34444444444445,248.22222222222223,0,0,52,0.2783574862902072,-0.4502895506293139,1.404081362863492,-0.0019352668517994256,-1.0250000000000004,-0.07499999999999996,Ben,100,Mee,Ben,0.020833333333333332,0.17390862291445103
Mepham,2018,223911,45,45,1,2,4569,1.77,0.024698133918770574,0.06323774969989843,1.05,0.7200000000000001,0.013135014304691025,0.01187248516997445,11,0,113,40.400000000000006,288.25,34.825,80.25,0,0,30,0.1656750927460382,-0.7497883377900508,2.040145937221165,-0.03766529498662067,3.0,0.08333333333333326,Chris,72,Mepham,Chris,0.08333333333333333,0.03155935216759867
Mings,2015,149484,45,41,6,11,13323,2.08,0.01946490555873948,0.03522440049012902,0.97,1.1099999999999999,0.006380952380952378,0.05634920634920634,30,1,479,49.93333333333333,345.84444444444443,51.78888888888889,100.44444444444444,0,0,36,0.13710721118919836,-0.7892095526282703,2.110131092759874,-0.10119367672253582,4.65,1.075,Tyrone,49,Mings,Tyrone,0.030303030303030304,0.007170651637809666
Mitchell,2019,244723,40,40,3,9,11097,5.53,0.02176227084565344,0.061976781689268776,1.8900000000000001,3.64,0.010997759809583781,0.02121512828590428,14,1,383,77.94,439.6,234.0,104.6,0,0,71,0.20617506687902135,-0.52461235410912,1.5177059521518212,0.055375408882046374,7.699999999999999,1.6,Tyrick,210,Mitchell,Tyrick,0.058823529411764705,0.1173211537980715
Moreno Lopera,2022,106468,45,45,2,3,2349,5.25,0.087890625,0.1018867924528302,1.7000000000000002,3.55,0.0688170327240566,0.1303494251179245,5,0,121,62.5,236.10000000000002,239.0,151.5,0,0,25,0.36957178655660383,-0.33958284198113203,1.2185288915094339,-0.2580734080188679,5.0,-2.0,Álex,26,Moreno Lopera,Álex,0.16666666666666666,0.2520940682460834
Murphy,2023,545477,40,39,0,0,11,0.0,0.0,0.0,0.0,0.0,0.0,0.0,0,0,2,0.3,2.6,1.0,0.0,0,0,0,0.0,0.0,0.0,-0.2580734080188679,5.0,-2.0,Alex,390,Murphy,Alex,1.0,0.3
Muñoz,2023,247348,45,45,0,4,1440,2.52,0.0,0.25,1.26,1.26,0.07875,0.07875,4,0,56,71.7,331.0,265.6,119.0,0,0,16,0.3125,-0.425,1.375,-0.2580734080188679,5.0,-2.0,Daniel,211,Muñoz,Daniel,0.2,0.19756578947368414
Mykolenko,2021,224967,50,49,3,3,6176,4.01,0.0527643346759783,0.051921619649682366,2.0300000000000002,1.98,0.024210790507914397,0.023291452533847134,5,0,218,76.53333333333335,403.2,228.53333333333333,132.33333333333334,0,0,58,0.2739006817114213,-0.4718843450486525,1.4536115443330526,0.0031470115363948,8.166666666666668,1.6666666666666665,Vitalii,231,Mykolenko,Vitalii,0.16666666666666666,0.16484221511664598
O'Shea,2020,216616,45,42,3,4,4991,1.64,0.0466804979253112,0.0622406639004149,0.74,0.9,0.01151452282157675,0.01400414937759335,8,1,110,86.75,605.9,130.45,128.5,0,0,32,0.09543667306502399,-0.8410851640476892,2.1981495831842475,-0.017835997778037,10.0,-0.5,Dara,630,O'Shea,Dara,0.09090909090909091,-0.026694453480694824
Offiah,2022,445548,40,40,0,0,149,0.05,0.0,0.0,0.0,0.05,0.0,0.049844720496894396,0,0,5,1.2000000000000002,6.300000000000001,3.5,2.0,0,0,1,0.0,-2.7763975155279503,6.940993788819875,1.919254658385093,0.0,0.0,Odeluga,139,Offiah,Odeluga,1.0,-0.5175008562538106
Omobamidele,2021,466404,40,39,1,0,1163,0.16,0.1181102362204724,0.0,0.14,0.02,0.0080562659846547,0.00115089514066495,3,0,25,17.85,137.5,15.4,25.5,0,0,8,0.0,-0.7704653925931892,1.9261634814829733,0.0799283081942122,3.0,0.0,Andrew,440,Omobamidele,Andrew,0.25,-0.0515697568045822
Palmieri dos Santos,2017,109533,55,52,2,5,6507,5.28,0.013859688311009529,0.06263768007718927,2.44,2.84,0.01452943324919003,0.0159983735476882,15,0,184,43.44285714285714,182.0,150.57142857142858,101.28571428571429,0,0,51,0.2839051251888116,-0.37097079857317716,1.2113321216217545,0.007501625089847085,3.1999999999999997,0.13333333333333333,Emerson,520,Palmieri dos Santos,Emerson,0.0625,0.2034232345288421
Patterson,2022,243571,40,39,0,2,2274,2.56,0.0,0.09,0.8200000000000001,1.74,0.0322544740973312,0.07142849293563575,7,0,65,41.3,219.3,125.05,67.0,0,0,23,0.1606436420722135,-0.6245745682888542,1.7220800627943484,-0.0594254317111461,-0.5,0.0,Nathan,234,Patterson,Nathan,0.125,0.06561674437043204
Phillips,2020,197464,40,42,1,1,1520,0.05,0.03092783505154635,0.03092783505154635,0.04,0.01,0.02769230769230765,0.0069230769230769,2,0,71,31.75,195.89999999999998,46.0,75.0,0,0,1,0.21649484536082475,-0.32640761300555116,1.0325138778747025,-0.2274385408406027,-5.0,-3.5,Nathaniel,332,Phillips,Nathaniel,0.3333333333333333,0.19056636828062873
Pinnock,2021,231065,45,44,6,1,7915,6.68,0.06826927012795557,0.011135857461024468,4.74,1.94,0.0542524130635991,0.0222103662567764,2,0,279,111.63333333333333,714.2666666666668,108.39999999999999,291.6666666666667,0,0,58,0.24856231167227702,-0.4621836646409212,1.40402147327458,0.009442688837668498,-1.0,0.16666666666666652,Ethan,104,Pinnock,Ethan,0.3333333333333333,0.15663532154804097
Porro,2022,441164,50,48,6,11,4222,13.2,0.16294727091838485,0.23576280489896734,4.73,8.469999999999999,0.1144765686644481,0.18103356890459366,3,0,195,149.7,584.7,640.55,270.0,0,0,48,0.18144704792617233,-0.6554118494631034,1.8199766715839307,0.1078390339291228,14.0,2.5,Pedro,495,Porro,Pedro,0.25,0.0660250128530615
Quansah,2023,441428,40,40,2,0,1188,1.23,0.1515151515151515,0.0,1.04,0.19,0.0787878787878788,0.0143939393939393,1,0,49,49.4,331.6,58.8,104.0,0,0,13,0.1515151515151515,-0.3939393939393939,1.1363636363636362,0.1078390339291228,14.0,2.5,Jarell,333,Quansah,Jarell,0.5,0.13739522888459058
Ream,2011,82514,40,40,2,1,8247,1.6300000000000001,0.0181872280284152,0.01538461538461538,1.2,0.43000000000000005,0.0129876892178376,0.003593186298211,6,1,220,33.6,281.84000000000003,27.560000000000002,25.2,0,0,50,0.12960585450108505,-0.6869828685646139,1.84706302591262,0.0282542828588465,1.6500000000000004,0.8,Tim,253,Ream,Tim,0.1111111111111111,0.032778098830766406
Reguilón,2020,199249,55,55,2,16,5682,3.77,0.03134796238244513,0.26102006472867817,0.94,2.83,0.018503937007874,0.055708661417322836,16,1,267,105.2,406.73333333333335,401.8666666666666,242.0,0,0,18,0.34644289922915084,-0.42015852573102896,1.3968392135567234,-0.025587284255888798,-1.166666666666666,-0.3333333333333335,Sergio,496,Reguilón,Sergio,0.05263157894736842,0.21435458585746864
Richards,2022,427623,45,44,1,1,2534,1.53,0.02152080344332855,0.02152080344332855,1.31,0.22000000000000003,0.0850343782285253,0.008737543357374849,3,0,75,39.2,274.3,51.4,67.0,0,0,27,0.18766334921349476,-0.6990034685899906,1.9351720206884715,0.113637614931454,13.5,1.5,Chris,194,Richards,Chris,0.25,0.05623964119399166
Robertson,2014,122798,45,42,11,62,22718,14.23,0.047780473195064496,0.2319355967744984,3.1399999999999997,11.09,0.01605732505863843,0.05199120463570244,32,1,1167,151.02222222222224,565.0222222222222,704.7666666666667,239.22222222222223,0,0,47,0.3516947062837818,-0.3042144314049319,1.1122307847961115,0.037674316409120764,0.35000000000000014,0.9750000000000001,Andrew,335,Robertson,Andrew,0.02857142857142857,0.2570344013545249
Robinson,2020,169528,45,44,0,8,8513,6.18,0.0,0.07454334023968093,0.75,5.43,0.006926224501775234,0.0507670487896969,18,1,254,125.23333333333333,610.1333333333333,479.9666666666667,160.0,0,0,72,0.23958177534139025,-0.45123250489968875,1.3676630375906118,-0.03386081011543025,8.0,1.3333333333333335,Antonee,255,Robinson,Antonee,0.047619047619047616,0.1562516061037389
Roerslev Rasmussen,2021,226956,45,41,2,3,4308,3.49,0.039540522768370834,0.05473039618609237,1.33,2.16,0.023578794881523066,0.042697754630428,2,0,164,50.166666666666664,249.9333333333333,175.9333333333333,73.66666666666667,0,0,34,0.2365397984556057,-0.5421992590240098,1.5920379460156304,0.10877050035812501,-0.3333333333333339,1.3333333333333333,Mads,105,Roerslev Rasmussen,Mads,0.3333333333333333,0.1255690937826991
Romero,2021,221632,50,48,6,2,6997,7.18,0.07003242133743844,0.025391451544646632,4.75,2.4299999999999997,0.053989825217624736,0.0281109306103504,24,2,236,91.03333333333335,628.9333333333333,132.33333333333334,148.33333333333334,0,0,59,0.2581795257690047,-0.46547735949632624,1.4218729245098203,-0.0375109140214819,6.166666666666668,0.8333333333333335,Cristian,498,Romero,Cristian,0.034482758620689655,0.15986536488178316
Saliba,2022,462424,45,49,4,2,5835,3.83,0.0635828702190258,0.0317914351095129,2.61,1.22,0.03932494279176195,0.017804838182412498,8,0,281,86.8,613.1,126.44999999999999,127.0,0,0,65,0.4604445897352075,-0.15478914677999345,0.8474174566851912,0.0389996730957829,2.0,3.0,William,18,Saliba,William,0.1111111111111111,0.3616533175354936
Santiago Costa dos Santos,2023,575476,45,45,0,2,2790,2.42,0.0,0.064516129032258,1.78,0.64,0.0574193548387096,0.0206451612903225,5,0,58,95.8,678.4,115.0,164.0,0,0,32,0.0967741935483871,-0.6838709677419356,1.8064516129032255,0.0389996730957829,2.0,3.0,Murillo,436,Santiago Costa dos Santos,Murillo,0.16666666666666666,0.018509454949944354
Santos Silva,2022,165659,50,47,0,0,2014,2.7699999999999996,0.0,0.0,2.31,0.45999999999999996,0.12753185293046954,0.0328528091251061,4,0,59,30.1,197.6,36.5,66.0,0,0,22,0.1492537313432836,-0.5619220968329086,1.5540589734255552,-0.0350928285402256,16.5,3.0,Diego Carlos,35,Santos Silva,Diego Carlos,0.2,0.07970253752512849
Sarr,2021,204727,50,49,0,0,544,0.0,0.0,0.0,0.0,0.0,0.0,0.0,2,0,30,17.9,118.4,60.4,1.0,0,0,0,0.6617647058823529,-0.1985294117647058,1.1580882352941175,-0.0350928285402256,16.5,3.0,Malang,176,Sarr,Malang,0.3333333333333333,0.4301883956308247
Schär,2018,119471,50,45,14,10,13344,10.55,0.0981459903642115,0.05915093483084627,7.1,3.46,0.03378341261469258,0.016511477297258385,37,1,528,94.23333333333333,555.6,127.2,258.3333333333333,0,0,71,0.2684082154292598,-0.45391216486706126,1.4031886275969132,-0.03981891956809472,2.4799999999999995,0.04000000000000002,Fabian,415,Schär,Fabian,0.025,0.1682558207399807
Senesi,2022,221466,45,44,6,5,4728,6.26,0.11655213264401774,0.10049129075480125,3.6399999999999997,2.62,0.069806604172248,0.05195088850971065,20,0,171,99.65,668.6,195.14999999999998,130.0,0,0,55,0.21098729900620344,-0.6670845242963637,1.8786986097471123,0.056097476507172,-5.5,0.5,Marcos,79,Senesi,Marcos,0.047619047619047616,0.07629050254964684
Sessegnon,2018,184349,65,60,4,11,4483,2.74,0.07554269881334194,0.1612291312498298,1.64,1.1,0.04583850931677017,0.030745341614906826,6,0,194,62.375,193.85,204.025,224.75,0,0,9,0.18647652461634087,-0.555427266746136,1.575044691481681,0.11341715872029713,-12.416666666666666,-0.16666666666666666,Ryan,579,Sessegnon,Ryan,0.14285714285714285,0.09865564131459448
Shaw,2012,106760,40,40,3,24,20071,4.93,0.00866049506442441,0.11662548129555432,1.1400000000000001,3.79,0.003593994905956108,0.015475852272727264,59,1,826,62.84166666666667,239.1833333333333,294.44166666666666,93.83333333333333,0,0,42,0.39279913640230046,-0.23983824858681965,0.9923947578693496,-0.0037616336804485477,0.2727272727272727,0.12727272727272732,Luke,387,Shaw,Luke,0.016129032258064516,0.2990044889119566
Smith,2011,54469,40,40,5,14,16493,3.62,0.02522748876831245,0.06492326571785556,0.55,3.0700000000000003,0.002175136814502325,0.013863798312621125,46,1,518,62.287499999999994,307.275,226.4375,88.5,0,0,59,0.20617542419848484,-0.48112233517613656,1.408981262138826,-0.07818715521306117,5.771428571428571,0.8285714285714285,Adam,81,Smith,Adam,0.02040816326530612,0.1313972149686392
Souttar,2022,194190,45,45,0,1,991,1.57,0.0,0.0908173562058526,1.47,0.1,0.1335015136226034,0.0090817356205852,2,0,20,34.6,242.6,38.9,65.0,0,0,11,0.0908173562058526,-0.6538849646821393,1.7255297679112007,-0.07818715521306117,5.771428571428571,0.8285714285714285,Harry,303,Souttar,Harry,0.3333333333333333,0.024702029483418098
Spence,2022,232859,45,41,0,0,5,0.06,0.0,0.0,0.06,0.0,1.08,0.0,0,0,4,2.2,0.2,1.3,20.0,0,0,0,0.0,0.0,0.0,-0.07818715521306117,5.771428571428571,0.8285714285714285,Djed,504,Spence,Djed,1.0,0.3
Stephens,2016,88900,40,42,4,4,11164,0.59,0.025809080626820028,0.024477426789112428,0.36,0.23,0.003800140745953543,0.002427867698803657,23,2,338,54.357142857142854,375.9142857142857,69.22857142857143,97.57142857142857,0,0,13,0.235916044345497,-0.6156252313900848,1.774979122820709,-0.03857285928735498,1.2,-0.3666666666666667,Jack,472,Stephens,Jack,0.03571428571428571,0.10294189733953728
Stones,2013,97299,45,42,9,2,18343,3.46,0.044845850228324685,0.008873989351212773,2.09,1.37,0.012744211276220729,0.007388453424148054,11,1,813,39.30909090909091,240.1818181818182,65.89090909090909,86.45454545454545,0,0,33,0.4187843080231459,-0.21618974474336455,0.9592586698815573,0.02179842562203967,-0.7,0.15999999999999998,John,362,Stones,John,0.07142857142857142,0.31927334375127747
Takehiro,2021,223723,45,45,2,3,3471,2.8899999999999997,0.0526315789473684,0.0902558816395828,1.98,0.91,0.05684938151831187,0.028493815183119036,4,1,177,48.96666666666667,232.13333333333333,156.43333333333334,102.66666666666667,0,0,16,0.41077492117390246,-0.286575309240844,1.1272131942760126,-0.02543051176327915,-3.166666666666667,-1.6666666666666665,Tomiyasu,22,Takehiro,Tomiyasu,0.14285714285714285,0.2891019865615976
Targett,2014,169359,40,39,3,14,12260,0.6900000000000001,0.014658148486171169,0.06828517061469223,0.01,0.68,0.00015000000000000001,0.011218831168831149,19,0,474,52.910000000000004,232.42,232.26,63.7,0,0,7,0.21833115163933364,-0.6302056484520365,1.7938452727694247,-0.021851972266766627,2.8,0.7333333333333333,Matt,416,Targett,Matt,0.05,0.09050333461817794
Tarkowski,2016,17761,40,40,9,10,23050,10.07,0.031188626214455673,0.03501466184664314,5.52,4.55,0.018157894736842102,0.01496710526315789,58,0,779,128.51250000000002,816.625,138.75,327.5,0,0,76,0.27493877126184074,-0.46865439734255954,1.4465747646182394,0.027200453088499672,5.828571428571428,1.4285714285714286,James,236,Tarkowski,James,0.01694915254237288,0.16635891586274784
Taylor,2017,103914,45,42,1,8,13617,1.91,0.0064405324173465,0.047640861933827196,0.25,1.66,0.0016101331043366165,0.010691283812795183,20,0,397,72.63333333333334,445.2,244.04999999999998,36.0,0,0,25,0.23101825301730786,-0.48545393675733667,1.4446530949106495,-0.025465741449790236,6.32,0.8800000000000001,Charlie,475,Taylor,Charlie,0.047619047619047616,0.14113513714564097
Tete,2020,167074,45,43,2,6,4909,3.96,0.0464401521483306,0.07869992011939657,1.6,2.36,0.03853720737539617,0.038178351654249966,13,0,167,76.9,398.73333333333335,265.7333333333333,103.33333333333333,0,0,39,0.25282599286561774,-0.57839662932195,1.6988175661704927,-0.021087278777427255,0.5,-0.16666666666666652,Kenny,257,Tete,Kenny,0.07142857142857142,0.12189346282725139
Thomas,2019,244619,40,40,1,3,5130,1.2799999999999998,0.01859504132231404,0.09368881519764341,0.62,0.6599999999999999,0.0119317010941563,0.01162700554437954,10,0,126,36.22,191.07999999999998,121.16,49.2,0,0,22,0.16681439820940763,-0.6696708975717882,1.8409916421388783,-0.06629412888732902,4.3,0.2000000000000001,Luke,305,Thomas,Luke,0.09090909090909091,0.05506995115123631
Tierney,2019,192895,55,53,3,10,5975,0.81,0.04434955150179758,0.14908581318446987,0.38,0.43,0.011046511627906975,0.0125,6,0,281,68.45,289.5,258.3,134.75,0,0,6,0.2821789888503898,-0.35379323485835884,1.1666620759962871,0.0524543172514057,0.8333333333333334,1.1666666666666667,Kieran,21,Tierney,Kieran,0.14285714285714285,0.20879267928396772
Timber,2023,445122,50,46,0,0,70,0.02,0.0,0.0,0.0,0.02,0.0,0.0257142857142857,2,0,0,1.3,5.8,4.7,2.0,0,0,1,0.0,0.0,0.0,0.0524543172514057,0.8333333333333334,1.1666666666666667,Jurriën,6,Timber,Jurriën,0.3333333333333333,0.3
Toffolo,2022,114241,45,43,1,3,2385,3.45,0.03099173553719005,0.09297520661157024,1.3800000000000001,2.07,0.04759573224203445,0.08018588397863455,5,0,82,55.25,254.0,181.0,119.0,0,0,24,0.1584464935824187,-0.6240998113257687,1.7186960218968403,-0.0453216762775371,6.0,0.0,Harry,444,Toffolo,Harry,0.16666666666666666,0.06475030294361643
Torres,2023,244954,45,46,2,0,2462,1.67,0.0731112916328188,0.0,0.96,0.71,0.035093419983753,0.0259545085296506,1,0,85,76.6,479.4,150.6,135.0,0,0,27,0.2193338748984565,-0.4532900081234767,1.3525588952071486,-0.0453216762775371,6.0,0.0,Pau,52,Torres,Pau,0.5,0.14652965405657709
Townsend,2020,108053,45,44,0,2,2234,0.0,0.0,0.0805729632945389,0.0,0.0,0.0,0.0,0,0,76,93.7,440.2,343.8,154.0,0,0,0,0.2417188898836168,-0.4834377797672337,1.4503133393017011,-0.0453216762775371,6.0,0.0,Conor,583,Townsend,Conor,1.0,0.14660521014291045
Trippier,2014,77794,50,48,6,41,14635,20.5,0.0903022161169907,0.2832629671437683,1.5,19.0,0.006133122672996512,0.07557985312014265,17,0,763,101.625,379.55,576.3625,59.125,0,0,64,0.3295623699512497,-0.2766826872699777,1.0212690881261939,0.02118852453920864,-4.057142857142857,-0.2285714285714285,Kieran,418,Trippier,Kieran,0.05555555555555555,0.25786625143489816
Tsimikas,2020,214285,50,49,0,9,2317,3.33,0.0,0.26959765040811545,0.77,2.56,0.0230787401574803,0.08038582677165353,6,0,140,45.675,139.1,241.75,75.0,0,0,17,0.3544183979290918,-0.1432721310293879,0.7125987255025615,-0.04775737700979593,2.0,1.0,Konstantinos,337,Tsimikas,Konstantinos,0.14285714285714285,0.32372715583513306
Tuanzebe,2016,180804,40,40,0,0,1398,0.0,0.0,0.0,0.0,0.0,0.0,0.0,3,0,43,6.34,43.28,8.2,12.2,0,0,0,0.15445544554455445,-0.43463318763834247,1.2410384146404105,-0.0492523563155262,0.24999999999999994,-0.35,Axel,282,Tuanzebe,Axel,0.25,0.12416759910717318
Udogie,2023,487053,45,49,2,3,2391,4.78,0.0752823086574654,0.1129234629861982,2.42,2.36,0.0910915934755332,0.0888331242158092,5,1,79,117.3,534.8,357.9,279.0,0,0,28,0.1882057716436637,-0.5721455457967378,1.6185696361355082,-0.0492523563155262,0.24999999999999994,-0.35,Destiny,505,Udogie,Destiny,0.125,0.09424013986325092
Veltman,2020,111478,45,43,4,4,8916,3.7300000000000004,0.0422536731759193,0.0422536731759193,2.18,1.55,0.0242826788961974,0.018065303686701027,19,0,335,83.925,448.65,235.225,153.0,0,0,42,0.29726401555397824,-0.41175693587947415,1.3266563552526636,-0.04251546985456157,1.5833333333333333,-0.5,Joël,145,Veltman,Joël,0.05,0.1952210201245217
Vestergaard,2018,93100,50,46,4,1,6660,0.0,0.04126388317564787,0.008741258741258725,0.0,0.0,0.0,0.0,10,1,198,66.1,442.85,68.8,149.0,0,0,0,0.19697304828424686,-0.6353780390823126,1.7854181459900282,-0.05195054846568777,-0.3333333333333333,-0.08333333333333333,Jannik,307,Vestergaard,Jannik,0.07692307692307693,0.0791146736347346
Walker,2009,58621,40,40,8,43,33520,5.3100000000000005,0.020601286432183116,0.10707259370888235,0.79,4.5200000000000005,0.002065835640812893,0.0109967312094525,52,1,1475,50.40666666666666,223.29333333333335,207.12666666666667,73.26666666666667,0,0,52,0.34036337160249636,-0.2699247276108343,1.015175190629582,0.029238902398524638,1.3142857142857143,0.6857142857142857,Kyle,363,Walker,Kyle,0.01818181818181818,0.2650671716911879
Walker-Peters,2017,158534,45,40,2,12,9432,3.58,0.011363799411722483,0.3299022230893385,1.08,2.5,0.006113207547169801,0.0141509433962264,15,0,304,65.93333333333334,291.0,196.73333333333335,173.0,0,0,30,0.29400287136094644,-0.48657908386131415,1.5104505810142317,0.02109336029881656,5.76,0.68,Kyle,476,Walker-Peters,Kyle,0.0625,0.16918607921155512
Wan-Bissaka,2017,214590,45,45,2,14,14894,3.68,0.008403361344537815,0.06453027072680405,1.3,2.38,0.011479793826649543,0.018800312321295032,24,1,561,90.72857142857143,523.6,274.81428571428575,108.42857142857143,0,0,36,0.3101526095631657,-0.3855234350784672,1.2739611972593339,0.015311964479763268,3.266666666666667,0.9666666666666667,Aaron,388,Wan-Bissaka,Aaron,0.037037037037037035,0.2098999903175282
Ward,2009,55494,40,40,5,9,26340,3.08,0.024766898313104035,0.026845052930813237,2.0,1.08,0.007065065924907667,0.0037109098889381,50,0,802,39.475,260.4166666666667,89.60833333333333,43.833333333333336,0,0,47,0.21231136424364752,-0.4896562989594682,1.436452111642318,-0.02082187009163051,3.272727272727273,0.6545454545454545,Joel,215,Ward,Joel,0.0196078431372549,0.13135427929140414
Webster,2019,110735,45,44,6,1,9816,3.0,0.05237141253546249,0.006746626686656659,2.2199999999999998,0.78,0.02349361870116656,0.009286121171816819,17,0,333,69.94,446.56000000000006,98.96,153.0,0,0,36,0.2597878749941012,-0.44947982259691965,1.3834874314864005,0.0191892647405752,-3.5999999999999996,0.19999999999999996,Adam,147,Webster,Adam,0.05555555555555555,0.16586396078902793
White,2020,198869,45,45,6,10,12113,9.78,0.04486533985186625,0.07450014239832987,2.52,7.26,0.0187756884285078,0.05409206101357353,19,1,549,115.5,625.65,354.175,174.0,0,0,71,0.43224731769920466,-0.24201911280501992,1.0372950997117545,0.039627714278025895,-3.0,0.8333333333333334,Benjamin,24,White,Benjamin,0.045454545454545456,0.31497390863307373
Williams,2019,215136,40,40,1,3,4643,4.74,0.0080128205128205,2.1600724173576933,1.98,2.76,0.016745713386817667,0.0239474201667453,13,0,150,35.416666666666664,164.46666666666667,99.08333333333333,90.66666666666667,0,0,38,0.23605723539087017,-0.2900110563977231,0.9610848763851781,-0.03933539902138545,3.35,0.10000000000000003,Neco,437,Williams,Neco,0.07142857142857142,0.2130029571060283
Worrall,2022,208912,45,42,1,0,2653,1.8099999999999998,0.0203160270880361,0.0,0.95,0.8600000000000001,0.0275425956275704,0.043023129966913,6,1,74,40.25,296.1,44.349999999999994,64.5,0,0,26,0.2043198614675778,-0.6456971458610347,1.8185627261201645,-0.0118371007143077,-17.5,-2.0,Joe,448,Worrall,Joe,0.1111111111111111,0.07945772831543141
Young,2006,18892,60,62,48,95,34967,3.42,0.10594926193799789,0.22982048358923726,1.1300000000000001,2.29,0.0027568388650641763,0.005544002854614206,84,3,1570,32.01176470588236,135.94117647058823,142.75882352941176,41.0,3,0,50,0.2487799901978673,-0.3783479253441197,1.1946498035581665,0.00534802873097075,-0.6875,0.35,Ashley,238,Young,Ashley,0.01098901098901099,0.1854164785844698
Zabarnyi,2022,477580,45,45,1,0,3627,1.69,0.0135135135135135,0.0,1.13,0.56,0.01527027027027025,0.0089475839475839,5,0,91,48.65,372.0,56.25,58.5,0,0,40,0.1081081081081081,-0.621949221949222,1.662981162981163,-0.0158886158886158,31.0,4.0,Illia,85,Zabarnyi,Illia,0.16666666666666666,0.04231990703465405
Zinchenko,2017,206325,50,50,2,11,9308,6.96,0.0135471177860941,0.10986655178469136,1.92,5.04,0.0124907319615447,0.034324528889578605,7,1,440,71.05714285714285,279.9142857142857,320.0857142857143,109.71428571428571,0,0,46,0.4933923213280101,-0.11632504110219422,0.7842049240834957,-0.03235536797452585,2.1999999999999997,0.7666666666666666,Oleksandr,25,Zinchenko,Oleksandr,0.1,0.3915732733123912
Zouma,2014,103192,50,42,15,5,19589,4.04,0.05979789620452797,0.05210818463623932,3.86,0.18,0.014898609415478058,0.00071997524257596,17,1,735,60.83,409.36,40.879999999999995,157.2,0,0,56,0.2791541124626807,-0.46903334168590893,1.451737466677453,-0.05774650039280734,3.7333333333333334,0.24444444444444446,Kurt,532,Zouma,Kurt,0.05,0.16813259187293697
dos Santos Magalhães,2020,226597,50,49,13,1,11510,10.83,0.10126366466240087,0.007396449704142,9.52,1.31,0.06640098173821123,0.009163808470789975,17,2,519,113.8,657.8,108.975,370.75,0,0,72,0.3738755429974506,-0.26076755983137834,1.0257944425758965,0.021293912921938635,2.9166666666666665,2.0833333333333335,Gabriel,3,dos Santos Magalhães,Gabriel,0.045454545454545456,0.2828743093889076
dos Santos de Paulo,2023,223434,45,43,0,0,1631,0.75,0.0,0.0,0.25,0.5,0.0137952176578786,0.0275904353157572,4,0,37,45.8,297.8,135.5,23.0,0,0,17,0.1103617412630288,-0.5297363580625383,1.434702636419375,0.021293912921938635,2.9166666666666665,2.0833333333333335,Igor Julio,128,dos Santos de Paulo,Igor Julio,0.2,0.0724519319326305
van Dijk,2015,97032,55,56,22,12,23411,7.51,0.09535190987950073,0.037294789703387246,5.38,2.13,0.01788349795904091,0.007118325664123578,18,2,1111,102.74444444444445,614.911111111111,102.17777777777778,310.0,0,0,68,0.3717300254198002,-0.3098810812355884,1.1464327285087714,-0.007544249936833636,-0.9750000000000001,0.175,Virgil,339,van Dijk,Virgil,0.043478260869565216,0.26365558067894757
van Hecke,2022,469142,40,40,0,0,2659,2.94,0.0,0.0,1.97,0.9700000000000001,0.1120363436890498,0.023858708902201098,6,0,67,53.65,351.59999999999997,91.10000000000001,92.5,0,0,29,0.0950168918918919,-0.6838342853162441,1.8046026051825024,0.1821450961270549,15.5,2.5,Jan Paul,144,van Hecke,Jan Paul,0.14285714285714285,0.01770861495820711
van de Ven,2023,491279,45,44,3,0,2341,0.94,0.1153353267834259,0.0,0.61,0.33,0.0234515164459632,0.0126868859461768,5,0,81,70.5,561.6,56.7,85.0,0,0,27,0.1922255446390431,-0.5074754378470739,1.4609141392567278,0.1821450961270549,15.5,2.5,Micky,506,van de Ven,Micky,0.16666666666666666,0.11652360386137216
